-- phpMyAdmin SQL Dump
-- version 4.7.4
-- https://www.phpmyadmin.net/
--
-- Host: 127.0.0.1
-- Generation Time: Mar 04, 2020 at 12:25 PM
-- Server version: 10.1.29-MariaDB
-- PHP Version: 7.3.10

SET SQL_MODE = "NO_AUTO_VALUE_ON_ZERO";
SET AUTOCOMMIT = 0;
START TRANSACTION;
SET time_zone = "+00:00";


/*!40101 SET @OLD_CHARACTER_SET_CLIENT=@@CHARACTER_SET_CLIENT */;
/*!40101 SET @OLD_CHARACTER_SET_RESULTS=@@CHARACTER_SET_RESULTS */;
/*!40101 SET @OLD_COLLATION_CONNECTION=@@COLLATION_CONNECTION */;
/*!40101 SET NAMES utf8mb4 */;

--
-- Database: `hrms`
--
-- Dumping data for table `divisions`
--

INSERT INTO `divisions` (`id`, `name`, `created_at`, `updated_at`) VALUES
(1, 'Power', NULL, NULL),
(2, 'Water', NULL, NULL),
(3, 'Finance', NULL, NULL);

--
-- Dumping data for table `employees`
--

INSERT INTO `employees` (`id`, `division_id`, `first_name`, `middle_name`, `last_name`, `father_name`, `date_of_birth`, `gender_id`, `cnic`, `cnic_expiry`, `employee_no`, `marital_status_id`, `religon`, `employee_status_id`, `created_at`, `updated_at`) VALUES
(1, 1, 'Sohail', NULL, 'Afzal', 'Muhammad Afzal', '1976-06-08', 1, '35202-4689730-3', '2026-03-22', NULL, '2', 'Islam', 1, NULL, '2019-09-02 07:16:27'),
(2, 2, 'Athar', 'Hussain', 'Jaffry', 'Nazar Hussain Jafry', '1974-08-12', 1, '35402-2013572-3', '2024-11-19', '111', '2', 'Islam', 1, '2019-07-31 10:15:04', '2019-09-02 07:16:58'),
(3, 2, 'Muhammad', 'Tahir', 'Khan', 'Muhammad Nadir Khan', '1975-10-16', 1, '35202-4633596-1', '2021-08-31', NULL, '2', 'Islam', 1, '2019-08-02 15:23:46', '2019-09-02 07:20:53'),
(4, 2, 'Ahmad', 'Khan', 'Bhatti', 'Mian Sher Alam Bhatti', '1942-05-13', 1, '35201-1577905-3', '2020-08-31', NULL, '2', 'Islam', 1, '2019-08-07 12:52:13', '2019-09-02 07:16:43'),
(5, 3, 'Saqib', NULL, 'Javiad', 'Muhammad Ashraf Javaid', '1975-04-20', 1, '35202-8702700-3', '2026-03-12', NULL, '2', 'Islam', 1, '2019-08-16 13:13:56', '2019-09-02 07:18:44'),
(6, 1, 'Muhammad', NULL, 'Zafar', 'Fazal Muhammad', '1956-12-15', 1, '35201-1489050-7', '2024-01-07', NULL, '2', 'Islam', 1, '2019-08-19 18:31:55', '2019-09-02 07:19:07'),
(7, 2, 'Mumtaz', NULL, 'Akhtar', 'Talib Hussain Asghar', '1943-09-16', 1, '35201-4930750-7', '2034-08-01', NULL, '2', 'Islam', 1, '2019-08-21 09:46:35', '2019-09-02 07:19:57'),
(8, 2, 'Naveed', 'Akhtar', 'Nawaz', 'Muhammad Nawaz', '1980-11-11', 1, '34601-0861441-1', '2019-12-26', NULL, '2', 'Islam', 1, '2019-08-22 08:48:15', '2019-09-02 07:20:16'),
(9, 2, 'Rana', 'Haider', 'Faruq', 'Rana Muhammad Siddique', '1984-11-23', 1, '33202-0442124-3', '2025-02-27', NULL, '2', 'Islam', 1, '2019-08-22 06:37:31', '2019-09-02 07:20:34'),
(10, 2, 'Fakhar-e-Alam', NULL, 'Bhatti', 'Ahmad Khan Bhatti', '1972-03-15', 1, '35201-1585116-9', '2022-08-06', NULL, '2', 'Islam', 1, '2019-08-27 01:47:20', '2019-09-02 07:17:12'),
(11, 2, 'Muhammad', NULL, 'Rasheed', 'Ali Muhammad', '1978-12-28', 1, '35201-5236988-5', '2027-09-22', NULL, '2', 'Islam', 1, '2019-08-27 03:52:14', '2019-09-02 07:17:39'),
(12, 2, 'Taseef', NULL, 'Ahmad', 'Sanaullah', '1988-07-17', 1, '34301-3299757-3', '2018-11-30', NULL, '2', 'Islam', 1, '2019-08-27 04:16:31', '2019-09-02 07:21:32'),
(13, 2, 'Muhammad', NULL, 'Taufeeq', 'Abdul Majeed', '1982-02-19', 1, '13302-0470337-1', '2027-03-01', NULL, '2', 'Islam', 1, '2019-08-27 05:54:08', '2019-08-27 08:21:33'),
(14, 2, 'Kabir', NULL, 'Ahmad', 'Naseer Ahmad', '1973-04-20', 1, '35202-6628320-3', '2024-07-04', '03014237600', '2', 'Islam', 1, '2019-08-28 23:45:28', '2019-09-02 07:15:47'),
(15, 1, 'Nazir', NULL, 'Ahmad', 'Muhammad Sidduqe', '1946-08-10', 1, '35404-1588110-1', '2026-10-16', '03444111318', '2', 'Islam', 1, '2019-08-29 00:25:48', '2019-09-02 07:15:22'),
(16, 2, 'Ali', NULL, 'Arslan', 'Shaokat Ali', '1985-10-01', 1, '33100-3385773-1', '2015-05-05', NULL, '2', 'Islam', 1, '2019-09-01 22:49:33', '2019-09-02 07:14:22'),
(17, 2, 'Naveed', NULL, 'Anwar', 'Muhammad Anwar', '1972-09-09', 1, '35202-2308674-5', '2020-02-28', NULL, '2', 'Islam', 1, '2019-09-01 23:06:57', '2019-09-02 07:11:41'),
(18, 2, 'Muhammad', 'Rafiq', 'Khan', 'Gul Hazrat', '1982-09-15', 1, '35202-1571812-7', '2023-01-31', NULL, '2', 'Islam', 1, '2019-09-05 00:18:00', '2019-09-05 00:18:00'),
(19, 2, 'Noman', NULL, 'Ahmad', 'Farooq Ahmad', '1983-12-06', 1, '34502-4662986-3', '2014-07-22', NULL, '2', 'Islam', 1, '2019-09-12 02:09:27', '2019-09-12 02:09:27'),
(20, 2, 'Muhammad', NULL, 'Ashraf', 'Rahmat Ali', '1966-05-14', 1, '35202-3982076-9', '2015-12-31', NULL, '2', 'Islam', 1, '2019-09-12 02:34:37', '2019-09-12 02:34:37'),
(21, 2, 'Zamir', NULL, 'Abbas', 'Naseer Ahmad', '1983-03-02', 1, '35202-2769718-9', '2023-09-30', NULL, '2', 'Islam', 1, '2019-09-19 05:21:48', '2019-09-19 05:21:48'),
(22, 2, 'Muhammad', NULL, 'Asif', 'Muhammad Idrees', '1978-09-18', 1, '34502-7697993-7', '2021-02-25', NULL, '2', 'Islam', 1, '2019-09-19 05:44:26', '2019-09-19 05:44:26'),
(23, 3, 'Muhammad', 'Javed', 'Sultan', 'Sultan Hussain Eman', '1957-12-20', 1, '35202-2580696-3', '2020-04-28', NULL, '2', 'Islam', 1, '2019-09-25 06:26:27', '2019-10-02 03:49:17'),
(24, 3, 'Muhammad', NULL, 'Waqas', 'Muhammad Salim Warsi', '1973-06-12', 1, '35202-6346130-7', '2021-06-12', NULL, '2', 'Islam', 1, '2019-09-26 04:18:54', '2019-09-26 04:18:54'),
(25, 3, 'Muhammad', 'Imran', 'Javed', 'Javed Iqbal', '1980-09-06', 1, '31104-1752823-1', '2028-05-20', NULL, '2', 'Islam', 1, '2019-09-30 04:36:05', '2019-10-02 04:04:25'),
(26, 3, 'Waqar', NULL, 'Ahmad', 'Muhammad Ramzan', '1992-02-02', 1, '35201-3332311-1', '2025-11-27', NULL, '2', 'Islam', 1, '2019-09-30 05:10:18', '2019-09-30 05:10:18'),
(27, 3, 'Malik', 'Zulfiqar', 'Ali', 'Malik Mushtaq Ahmed', '1970-07-09', 1, '35202-8204197-3', '2027-07-11', NULL, '2', 'Islam', 1, '2019-10-02 06:05:38', '2019-10-02 06:05:38'),
(28, 3, 'Abdul Majid', NULL, 'Rafi', 'Muhammad Rafi Ch.', '1981-08-20', 1, '35202-2481939-7', '2016-10-19', NULL, '2', 'Islam', 1, '2019-10-03 05:14:41', '2019-10-03 05:14:41'),
(29, 3, 'Ch.', 'Muhammad', 'Khalil', 'Barkat Ali', '1950-12-31', 1, '35201-1642163-1', '2028-07-11', NULL, '2', 'Islam', 1, '2019-10-08 04:38:54', '2019-10-08 04:38:54'),
(30, 3, 'Muhammad', 'Hafeez', 'Minhas', 'Muhammad Hanif Khan', '1983-12-12', 1, '82101-6175493-3', '2021-09-23', NULL, '2', 'Islam', 1, '2019-10-08 05:36:58', '2019-10-08 05:36:58'),
(31, 3, 'Farhan', 'Ali', 'Saffi', 'Hakeem Safdar Ali Saffi', '1982-10-28', 1, '35202-8633331-5', '2023-06-20', NULL, '1', 'Islam', 1, '2019-10-11 05:46:19', '2019-10-11 05:46:19'),
(32, 2, 'Muhammad', 'Tanvir', 'Abbas', 'Hafiz Abdur Rahim', '1980-04-13', 1, '35202-8591489-9', '2020-12-31', NULL, '2', 'Islam', 1, '2019-10-11 06:06:19', '2019-10-11 06:06:19'),
(33, 1, 'Muhammad', NULL, 'Khaliq', 'Raham Dad', '1965-03-14', 1, '81102-0259819-7', '2015-09-30', NULL, '2', 'Islam', 1, '2019-10-16 04:15:12', '2019-10-16 04:15:12'),
(34, 1, 'Iftikhar', 'Ahmad', 'Khan', 'Inayat Ullah Khan', '1974-09-29', 1, '35201-1299818-9', '2015-08-31', NULL, '2', 'Islam', 1, '2019-10-16 04:51:00', '2019-10-16 04:51:00'),
(35, 1, 'Jamshaid', NULL, 'Siddiqui', 'Hafiz Muhammad Rafi Siddiqui', '1981-12-28', 1, '35202-2702207-5', '2022-10-30', NULL, '2', 'Islam', 1, '2019-10-23 05:03:29', '2019-10-23 05:03:29'),
(36, 1, 'Syed', 'Azhar', 'Ali Shah', 'Syed Safdar Hussain Shah', '1979-06-16', 1, '35101-4549497-3', '2020-04-20', NULL, '2', 'Islam', 1, '2019-10-23 05:23:00', '2019-10-23 05:23:00'),
(37, 3, 'Shahbaz', NULL, 'Sindhu', 'Muhammad Ashraf Ali', '1990-07-03', 1, '35201-6794897-5', '2020-08-31', NULL, '2', 'Islam', 1, '2019-10-24 04:14:08', '2019-10-24 04:14:08'),
(38, 2, 'Shafiqur', NULL, 'Rehman', 'Muhammad Yousaf Jameel', '1982-08-15', 1, '35401-2040393-7', '2013-03-31', NULL, '2', 'Islam', 1, '2019-10-24 04:41:19', '2019-10-24 04:41:19'),
(39, 1, 'Hafiz', 'Hashim', 'Khan', 'Muhammad Qasim Khan', '1974-11-15', 1, '35202-2669122-5', '2027-11-06', NULL, '2', 'Islam', 1, '2019-10-25 04:10:17', '2019-10-25 04:10:17'),
(40, 2, 'Imtiaz', 'Ahmad', 'Khan', 'Abdul Aziz Khan', '1982-08-03', 1, '35202-2857852-3', '2022-09-17', NULL, '2', 'Islam', 1, '2019-10-25 04:27:34', '2019-10-28 04:10:52'),
(41, 1, 'Inayat', NULL, 'Ullah', 'Ali Muhammad', '1961-04-25', 1, '35201-1510289-5', '2022-02-23', NULL, '2', 'Islam', 1, '2019-10-28 04:48:24', '2019-10-28 04:48:24'),
(42, 2, 'Altaf', 'Hussain', 'Bhatti', 'Muhammad Shafi Bhatti', '1958-01-28', 1, '34202-3092410-1', '2018-01-28', NULL, '2', 'Islam', 1, '2019-10-29 04:27:07', '2019-10-29 04:27:07'),
(43, 2, 'Mehmood', NULL, 'Iqbal', 'Mubarik Ali', '1982-04-06', 1, '38303-4446684-3', '2022-10-09', NULL, '2', 'Islam', 1, '2019-10-29 04:44:00', '2019-10-29 04:44:00'),
(44, 2, 'Muhammad', 'Asif', 'Sultan', 'Muhammad Khalid', '1972-05-11', 1, '34502-1577488-9', '2018-05-21', NULL, '2', 'Islam', 1, '2019-10-30 04:12:48', '2019-10-30 04:12:48'),
(45, 2, 'Khalid', NULL, 'Siraj', 'Haji Siraj Din', '1976-06-01', 1, '35202-2848172-7', '2016-12-02', NULL, '2', 'Islam', 1, '2019-10-30 04:32:01', '2019-10-30 04:32:01'),
(46, 2, 'Mirza', 'Nadeem', 'Baig', 'Ajmal Baig', '1970-05-05', 1, '35201-7836865-5', '2020-04-30', NULL, '2', 'Islam', 1, '2019-10-31 04:12:10', '2019-10-31 04:12:10'),
(47, 1, 'Muhammad', NULL, 'Jamil', 'Rasheed Ahmad', '1977-04-21', 1, '34502-5398993-3', '2018-01-31', NULL, '2', 'Islam', 1, '2019-10-31 04:34:44', '2019-10-31 04:34:44'),
(48, 2, 'Dubeer', NULL, 'Hussain', 'Munir Hussain Shad', '1980-04-13', 1, '35201-9777905-1', '2020-04-13', NULL, '2', 'Islam', 1, '2019-10-31 05:01:01', '2019-10-31 05:01:01'),
(49, 1, 'Fayyaz', 'Mehmood', 'Karimi', 'Muhammad Ashfaq Ahmad', '1990-02-28', 1, '35202-2158307-1', '2020-06-30', NULL, '2', 'Islam', 1, '2019-11-04 04:24:13', '2019-11-04 04:24:13'),
(50, 1, 'Zamir', 'Hussain', 'Shad', 'Muhammad Yaqub Bhatti', '1944-03-01', 1, '35202-2675335-1', '2029-08-20', NULL, '2', 'Islam', 1, '2019-11-04 04:43:18', '2019-11-04 04:43:18'),
(51, 1, 'Muhammad', NULL, 'Farhan', 'Muhammad Zahid', '1973-08-31', 1, '44104-0716077-5', '2017-08-30', NULL, '2', 'Islam', 1, '2019-11-05 04:17:34', '2019-11-05 04:17:34'),
(52, 1, 'Muhammad', 'Ashraf', 'Bhatti', 'Khuda Bakhash Bhatti', '1962-04-14', 1, '34601-2911761-9', '2012-10-31', NULL, '2', 'Islam', 1, '2019-11-05 04:31:06', '2019-11-05 04:31:06'),
(53, 1, 'Rafae', NULL, 'Munir', 'Munir Ahmad', '1988-06-15', 1, '35201-5468211-3', '2024-06-16', NULL, '2', 'Islam', 1, '2019-11-06 04:58:10', '2019-11-06 04:58:10'),
(54, 1, 'Kamal', 'Haider', 'Toor', 'Sajjad Haider Toor', '1986-05-07', 1, '35202-8822209-1', '2016-09-30', NULL, '2', 'Islam', 1, '2019-11-07 04:47:40', '2019-11-07 04:47:40'),
(55, 1, 'Haresh', NULL, 'Kumar', 'Ladha Ram', '1972-02-16', 1, '43203-8297373-3', '2022-01-25', NULL, '2', 'Islam', 1, '2019-11-07 05:10:38', '2019-11-07 05:10:38'),
(56, 1, 'Saif', 'ur', 'Rehman', 'Fazal-ur-Rehman', '1954-01-01', 1, '35202-3014900-7', '2010-03-10', NULL, '2', 'Islam', 1, '2019-11-08 05:07:54', '2019-11-08 05:07:54'),
(57, 1, 'Malik', 'Iqtadar', 'Hussain', 'Malik Nazar Hussain', '1950-08-10', 1, '35202-3955582-5', '2011-06-27', NULL, '2', 'Islam', 1, '2019-11-08 05:47:07', '2019-11-08 05:47:07'),
(58, 2, 'Muhammad', NULL, 'Afzal', 'Muhammad Abdullah', '1967-01-01', 1, '35200-1542442-5', '2025-08-18', NULL, '2', 'Islam', 1, '2019-11-11 04:15:44', '2019-11-11 04:15:44'),
(59, 2, 'Muhammad', NULL, 'Nawaz', 'Muhammad Saeed', '1953-10-10', 1, '35201-1545452-3', '2032-08-17', NULL, '2', 'Islam', 1, '2019-11-11 04:32:08', '2019-11-11 04:32:08'),
(60, 1, 'Kashif', 'Suleman', 'Afzal', 'Muhammad Suleman Afzal', '1978-01-17', 1, '35202-2452814-7', '2021-07-12', NULL, '2', 'Islam', 1, '2019-11-14 04:06:01', '2019-11-14 04:06:01'),
(61, 2, 'Ch.', 'Atiq', 'Ahmad', 'Ijaz Ahmad Humayun', '1976-02-09', 1, '35202-2925131-1', '2027-05-27', NULL, '2', 'Islam', 1, '2019-11-18 05:47:32', '2019-11-18 05:47:32');

--
--
-- Dumping data for table `all_languages`
--

INSERT INTO `all_languages` (`id`, `name`, `name_1`, `code`) VALUES
(1, 'Inglés', 'English', 'EN'),
(2, 'Urdu', 'Urdu', 'UR'),
(3, 'Afrikans', 'Afrikanns', 'AF'),
(4, 'Albanés', 'Albanian', 'SQ'),
(5, 'Árabe', 'Arabic', 'AR'),
(6, 'Armenio', 'Armenian', 'HY'),
(7, 'Vasco', 'Basque', 'EU'),
(8, 'Bengalí', 'Bengali', 'BN'),
(9, 'Búlgaro', 'Bulgarian', 'BG'),
(10, 'Catalán', 'Catalan', 'CA'),
(11, 'Camboyano', 'Cambodian', 'KM'),
(12, 'Chino (Mandarín)', 'Chinese (Mandarin)', 'ZH'),
(13, 'Croata', 'Croation', 'HR'),
(14, 'Checo', 'Czech', 'CS'),
(15, 'Danés', 'Danish', 'DA'),
(16, 'Holandés', 'Dutch', 'NL'),
(17, 'Estonio', 'Estonian', 'ET'),
(18, 'Fiji', 'Fiji', 'FJ'),
(19, 'Finlandés', 'Finnish', 'FI'),
(20, 'Francés', 'French', 'FR'),
(21, 'Georgiano', 'Georgian', 'KA'),
(22, 'Alemán', 'German', 'DE'),
(23, 'Griego', 'Greek', 'EL'),
(24, 'Gujarati', 'Gujarati', 'GU'),
(25, 'Hebreo', 'Hebrew', 'HE'),
(26, 'Hindi', 'Hindi', 'HI'),
(27, 'Húngaro', 'Hungarian', 'HU'),
(28, 'Islandés', 'Icelandic', 'IS'),
(29, 'Indonesio', 'Indonesian', 'ID'),
(30, 'Irlandés', 'Irish', 'GA'),
(31, 'Italiano', 'Italian', 'IT'),
(32, 'Japonés', 'Japanese', 'JA'),
(33, 'Javanés', 'Javanese', 'JW'),
(34, 'Coreano', 'Korean', 'KO'),
(35, 'Latino', 'Latin', 'LA'),
(36, 'Letón', 'Latvian', 'LV'),
(37, 'Lituano', 'Lithuanian', 'LT'),
(38, 'Macedonio', 'Macedonian', 'MK'),
(39, 'Malayo', 'Malay', 'MS'),
(40, 'Malayalam', 'Malayalam', 'ML'),
(41, 'Maltés', 'Maltese', 'MT'),
(42, 'Maorí', 'Maori', 'MI'),
(43, 'Marathi', 'Marathi', 'MR'),
(44, 'Mongol', 'Mongolian', 'MN'),
(45, 'Nepalí', 'Nepali', 'NE'),
(46, 'Noruego', 'Norwegian', 'NO'),
(47, 'Persa', 'Persian', 'FA'),
(48, 'Polaco', 'Polish', 'PL'),
(49, 'Portugués', 'Portuguese', 'PT'),
(50, 'Punjabi', 'Punjabi', 'PA'),
(51, 'Quechua', 'Quechua', 'QU'),
(52, 'Romanian', 'Rumano', 'RO'),
(53, 'Ruso', 'Russian', 'RU'),
(54, 'Samoano', 'Samoan', 'SM'),
(55, 'Serbio', 'Serbian', 'SR'),
(56, 'Eslovaco', 'Slovak', 'SK'),
(57, 'Esloveno', 'Slovenian', 'SL'),
(58, 'Español', 'Spanish', 'ES'),
(59, 'Swahili', 'Swahili', 'SW'),
(60, 'Sueco ', 'Swedish ', 'SV'),
(61, 'Tamil', 'Tamil', 'TA'),
(62, 'Tártaro', 'Tatar', 'TT'),
(63, 'Telugu', 'Telugu', 'TE'),
(64, 'Tailandés', 'Thai', 'TH'),
(65, 'Tibetano', 'Tibetan', 'BO'),
(66, 'Tonga', 'Tonga', 'TO'),
(67, 'Turco', 'Turkish', 'TR'),
(68, 'Ucraniano', 'Ukranian', 'UK'),
(69, 'Uzbek', 'Uzbek', 'UZ'),
(70, 'Vietnamita', 'Vietnamese', 'VI'),
(71, 'Galés', 'Welsh', 'CY'),
(72, 'Xhosa', 'Xhosa', 'XH');

--
-- Dumping data for table `appointments`
--

INSERT INTO `appointments` (`id`, `employee_id`, `reference_no`, `appointment_date`, `designation_id`, `expiry_date`, `category`, `grade`, `appointment_letter_type`, `created_at`, `updated_at`) VALUES
(1, 4, 'BQB/BOD-82/2013/20', '2013-10-13', 1, NULL, 'A', '1', '2 Pages', '2019-08-07 13:00:37', '2019-09-17 08:55:12'),
(2, 5, 'BQB/W/01/600/MA/503', '2018-09-03', 7, NULL, 'A', '3', '2 Pages', '2019-08-16 13:18:30', '2019-09-17 09:01:09'),
(3, 6, 'BQB/W/01/600/MA/292', '2017-05-02', 3, NULL, 'A', '2', '2 Pages', '2019-08-19 18:41:34', '2019-09-17 09:02:05'),
(4, 7, 'BQB/PF/126', '2000-08-12', 2, NULL, 'A', '2', '2 Pages', '2019-08-21 13:48:23', '2019-09-17 09:01:28'),
(5, 8, 'BQB/W-01/522/MA/369', '2005-05-12', 16, NULL, 'A', '9', '2 Pages', '2019-08-22 09:10:22', '2019-09-17 09:30:21'),
(6, 12, 'BQB/P-36-A-I/542', '2013-10-14', 34, NULL, 'B', '12', '1 Page', '2019-08-27 04:18:48', '2019-09-17 09:31:44'),
(7, 13, 'BQB/W/01/542/MA/089', '2007-01-26', 28, NULL, 'B', '12', '1 Page', '2019-08-27 06:16:05', '2019-09-17 09:33:58'),
(8, 14, 'BQB/PF/KA/305', '2001-12-07', 25, NULL, 'A', '10', '2 Pages', '2019-08-28 23:54:46', '2019-09-17 09:02:48'),
(9, 15, 'BQB/A/03/52/MA/1421', '2006-11-29', 27, NULL, 'B', '11', '1 Page', '2019-08-29 00:30:26', '2019-09-17 09:35:23'),
(10, 16, 'BQB/W/01/570/MA/846', '2009-08-09', 18, NULL, 'C', '9', '2 Pages', '2019-09-01 22:56:32', '2019-09-17 08:57:59'),
(11, 17, 'BQB/W/01/522/MA/1327', '2006-11-08', 29, NULL, 'C', '12', '2 Pages', '2019-09-01 23:14:58', '2019-09-17 09:40:37'),
(12, 3, 'BQB/PF/115', '2000-08-09', 24, NULL, 'C', '12', '1 Page', '2019-09-03 23:58:16', '2019-09-17 09:41:21'),
(13, 18, 'A/03/42/MA/1239', '2005-12-31', 35, NULL, 'C', '14', '2 Pages', '2019-09-05 00:52:43', '2019-09-17 09:42:15'),
(14, 19, 'BQB/W/01/570/MA/897', '2009-08-19', 28, NULL, 'C', NULL, '1 Page', '2019-09-12 02:15:53', '2019-09-17 09:09:24'),
(15, 20, 'BQB/PF/272', '2000-12-26', 35, NULL, 'C', NULL, '2 Pages', '2019-09-12 02:37:19', '2019-09-17 09:04:54'),
(16, 1, 'BQB/PF/SA/070', '2001-09-01', 28, NULL, 'A', '11', '2 Pages', '2019-09-17 03:07:33', '2019-10-03 03:01:59'),
(17, 21, 'BQB/W/01/539/MA/868', '2006-07-15', 34, NULL, 'C', '13', '1 Page', '2019-09-19 05:32:23', '2019-09-19 05:32:23'),
(18, 11, 'BQB/PF/122', '2000-08-09', 35, NULL, 'A', NULL, '2 Pages', '2019-09-19 05:32:53', '2019-09-19 05:32:53'),
(19, 22, 'BQB/PF/125', '2000-08-10', 34, NULL, 'C', NULL, '2 Pages', '2019-09-19 05:48:40', '2019-09-19 05:48:40'),
(20, 23, 'BQB/A/03/30/472', '2004-09-02', 37, NULL, 'C', '11', '2 Pages', '2019-09-25 06:37:35', '2019-09-25 06:43:06'),
(21, 24, 'BQB/PF/MW/230', '2001-11-06', 20, NULL, 'C', NULL, '2 Pages', '2019-09-26 04:34:53', '2019-09-26 04:34:53'),
(22, 25, 'BQB/W/01/640/MA/853', '2006-07-13', 30, NULL, 'C', NULL, '1 Page', '2019-09-30 04:48:58', '2019-09-30 04:48:58'),
(23, 26, 'BQB/W-16-01/MA/219', '2018-04-05', 20, NULL, 'B', NULL, '2 Pages', '2019-09-30 05:12:51', '2019-09-30 05:12:51'),
(24, 27, 'BWT/P/710', '2009-06-12', 39, NULL, 'C', NULL, '1 Page', '2019-10-03 04:49:21', '2019-10-03 04:49:21'),
(25, 28, 'BQB/A/03/68/MA/452', '2009-04-03', 30, NULL, 'C', NULL, '1 Page', '2019-10-03 05:18:33', '2019-10-03 05:18:33'),
(26, 29, 'BQB/FINANCEADMI/2012/34', '2012-01-26', 40, NULL, 'C', '12', '1 Page', '2019-10-08 04:54:12', '2019-10-08 04:55:40'),
(27, 30, 'A/03/43//MA/1100', '2006-09-09', 31, NULL, 'C', '12', '2 Pages', '2019-10-08 05:39:55', '2019-10-08 05:39:55'),
(28, 31, 'A/03/42/MA/1092', '2005-11-29', 35, NULL, 'C', '13', '2 Pages', '2019-10-11 05:49:42', '2019-10-11 05:49:42'),
(29, 32, 'BQB/W-01/524/MA/164', '2002-04-01', 16, NULL, 'C', NULL, '2 Pages', '2019-10-11 06:12:34', '2019-10-11 06:12:34'),
(30, 33, 'BQB/293', '2008-03-06', 17, NULL, 'C', NULL, '1 Page', '2019-10-16 04:29:55', '2019-10-16 04:29:55'),
(31, 34, 'BQB/P-23-1/460', '2010-05-14', 17, NULL, 'C', NULL, '2 Pages', '2019-10-16 04:53:23', '2019-10-16 04:53:23'),
(32, 36, 'BQB/P-23-1/2471', '2008-12-15', 28, NULL, 'C', NULL, '1 Page', '2019-10-23 05:25:31', '2019-10-23 05:25:31'),
(33, 37, 'BQB/Muhammad Shahbaz/MA/871', '2009-08-13', 35, NULL, 'C', NULL, '1 Page', '2019-10-24 04:26:37', '2019-10-24 04:26:37'),
(34, 38, 'BQB/W/01/67/MA/362', '2009-03-16', 35, NULL, 'C', NULL, '1 Page', '2019-10-24 04:43:27', '2019-10-24 04:43:27'),
(35, 39, 'BQB/W/01/640/MA/615', '2006-05-30', 28, NULL, 'C', '12', '1 Page', '2019-10-25 04:13:03', '2019-10-25 04:13:03'),
(36, 40, 'BQB/W/01539/MA/1197', '2006-09-17', 29, NULL, 'C', NULL, '2 Pages', '2019-10-25 04:29:21', '2019-10-25 04:29:21'),
(37, 41, 'BQB-W/01/508/540', '2002-10-05', 29, NULL, 'C', NULL, '2 Pages', '2019-10-28 04:51:04', '2019-10-28 04:51:04'),
(38, 43, 'BQB/A/03/MA/22/602', '2001-10-17', 32, NULL, 'C', NULL, '2 Pages', '2019-10-29 04:55:23', '2019-10-29 04:55:23'),
(39, 44, 'BQB/A/03/53/MA/1501', '2006-12-18', 33, NULL, 'C', NULL, '1 Page', '2019-10-30 04:20:25', '2019-10-30 04:20:25'),
(40, 45, 'BQB/W/01/535/MA/278', '2011-04-15', 35, NULL, 'C', NULL, '1 Page', '2019-10-30 04:38:22', '2019-10-30 04:38:22'),
(41, 46, 'BQB/W/G&P/09/01', '2009-08-17', 35, NULL, 'C', NULL, '1 Page', '2019-10-31 04:19:56', '2019-10-31 04:19:56'),
(42, 47, 'BQB/W/01/639/MA/631', '2006-05-29', 35, NULL, 'C', NULL, '1 Page', '2019-10-31 04:49:19', '2019-10-31 04:49:19'),
(43, 48, 'BQB/PF/DH/071', '2001-08-31', 35, NULL, 'C', NULL, '2 Pages', '2019-10-31 05:12:17', '2019-10-31 05:12:17'),
(44, 49, 'BQB/P-36-A-1/450', '2012-08-08', 16, NULL, 'C', NULL, '1 Page', '2019-11-04 04:26:59', '2019-11-04 04:26:59'),
(45, 50, 'BQB/P/R.Elect/RAB/478', '2004-08-25', 3, NULL, 'C', NULL, '2 Pages', '2019-11-04 04:46:22', '2019-11-04 04:46:22'),
(46, 51, 'BQB/P/R.Elect./RAB/479', '2004-08-25', 16, NULL, 'C', NULL, '2 Pages', '2019-11-05 04:19:58', '2019-11-05 04:19:58'),
(47, 52, 'BQB/P-3-A-III/1050', '2006-08-24', 13, NULL, 'C', NULL, '2 Pages', '2019-11-05 04:33:07', '2019-11-05 04:33:07'),
(48, 53, 'BQB/P-20-1/1255', '2010-12-13', 17, NULL, 'C', NULL, '1 Page', '2019-11-06 05:00:39', '2019-11-06 05:00:39'),
(49, 54, 'BQB/P-3-A-III/299', '2007-03-14', 18, NULL, 'C', NULL, '2 Pages', '2019-11-07 04:49:52', '2019-11-07 04:49:52'),
(50, 55, 'BQB/P-3-A/415', '2006-04-12', 17, NULL, 'C', NULL, '2 Pages', '2019-11-07 05:12:37', '2019-11-07 05:12:37'),
(51, 56, 'BQB/P-25-1/2263', '2008-11-04', 9, NULL, 'C', NULL, '2 Pages', '2019-11-08 05:09:28', '2019-11-08 05:09:28'),
(52, 57, 'BQB/P-36-1/1035', '2010-09-22', 4, NULL, 'C', NULL, '2 Pages', '2019-11-08 05:49:41', '2019-11-08 05:49:41'),
(53, 58, 'BQB/A/03/MA/25/240', '2003-05-13', 13, NULL, 'C', NULL, '2 Pages', '2019-11-11 04:19:30', '2019-11-11 04:19:30'),
(54, 59, 'GM (Dev)/Admin/Gen/559-61', '2001-11-10', 4, NULL, 'C', NULL, '1 Page', '2019-11-11 04:42:14', '2019-11-11 04:42:14'),
(55, 60, 'BQB/P-3-A-II/486', '2006-04-27', 35, NULL, 'C', NULL, '1 Page', '2019-11-14 04:17:20', '2019-11-14 04:17:20'),
(56, 61, 'BQB/W/037/71/MA/656', '2009-06-07', 41, NULL, 'C', NULL, '2 Pages', '2019-11-18 05:53:40', '2019-11-18 05:55:40');

--
-- Dumping data for table `blood_group`
--

INSERT INTO `blood_group` (`id`, `name`, `created_at`, `updated_at`) VALUES
(1, 'A+', NULL, NULL),
(2, 'O+', NULL, NULL),
(3, 'B+', NULL, NULL),
(4, 'AB+', NULL, NULL),
(5, 'A-', NULL, NULL),
(6, 'O-', NULL, NULL),
(7, 'B-', NULL, NULL),
(8, 'AB-', NULL, NULL);

--
-- Dumping data for table `contacts`
--

INSERT INTO `contacts` (`id`, `employee_id`, `type`, `house`, `street`, `town`, `tehsil`, `city`, `province`, `landline`, `mobile`, `country_id`, `created_at`, `updated_at`) VALUES
(1, 4, 0, '29-A-1', NULL, 'Tufail Road', NULL, 'Lahore Cantt', 'Punjab', '042-36652700', '0300-8477161', 1, '2019-08-09 11:48:53', '2019-08-09 11:48:53'),
(2, 6, 0, '162-N', 'Phase-1', 'DHA', NULL, 'Lahore', 'Punjab', '042-35743017', '0335-7401951', 1, '2019-08-19 18:56:21', '2019-08-19 19:41:39'),
(3, 11, 0, 'H. No.3,', 'Street No.3, Mohallah Farooqabad', 'Kacha Road, Kana Kno', NULL, 'Lahore', 'Punjab', NULL, '0300-4491881', 1, '2019-08-27 03:54:54', '2019-08-27 03:54:54'),
(4, 12, 0, 'Mohallah Hussain Nagar', NULL, 'Near 132kV Grid Station Gujranwala Road,', NULL, 'Hafizabad', 'Punjab', NULL, '0341-4689638', 1, '2019-08-27 04:25:43', '2019-08-27 04:25:43'),
(5, 13, 0, 'House No.10', 'Street 47 Ghaziabad Lahore Cantt', 'Lahore', 'Lahore', 'Lahore', 'Punjab', NULL, '0322-4764294', 1, '2019-08-27 06:50:31', '2019-08-27 06:50:31'),
(6, 13, 1, 'House No.10', 'Street 47 Ghaziabad Lahore Cantt', 'Lahore', 'Lahore', 'Lahore', 'Punjab', NULL, '3224764294', 1, '2019-08-27 06:51:23', '2019-08-27 06:51:23'),
(7, 1, 0, '1', '3', 'Rehman Par, Gulshan-e-Ravi', NULL, 'Lahore', 'Punjab', '042-37418187', '0345-4145910', 1, '2019-08-27 23:20:53', '2019-08-27 23:20:53'),
(8, 14, 0, 'Flat No. 260-C, Block N, Model Town Lahore', NULL, 'Chak Kalay Khan', 'Laliyan', 'Narowal', 'Punjab', NULL, '03024125456', 1, '2019-08-29 00:09:51', '2019-08-29 00:09:51'),
(9, 3, 0, 'H. No. E-68, Qadir Colony, Waltan Road, Lahore', NULL, 'Qadir Colony, Waltan Road, Lahore', NULL, 'Lahore', 'Punjab', NULL, '0333-4238066', 1, '2019-09-04 00:18:18', '2019-09-04 00:18:18'),
(10, 18, 0, 'Tormung P.O. Box Khas, Tehsil Khel, District Upper Dir', NULL, 'Dir', NULL, 'Upper Dir', 'Punjab', NULL, '03144075782', 1, '2019-09-05 01:00:29', '2019-09-05 01:00:29'),
(11, 19, 0, 'House No. 03, Bismillah 1, Johar Town Lahore', NULL, 'Village Gumtala Post Office Same Tehsil Shakargarh', NULL, 'Norowal', 'Punjab', NULL, '03135663235', 1, '2019-09-12 02:24:29', '2019-09-12 02:24:29'),
(12, 20, 0, 'H. No. 167, Mohallah Block-B, Rahmat Town, Main G.T. Road, Lahore', NULL, 'Village Manawa, Lahore Cantt', NULL, 'Lahore', 'Punjab', NULL, '03078792898', 1, '2019-09-12 02:41:20', '2019-09-12 02:41:20'),
(13, 1, 1, '3', '1', 'Rehman Park', NULL, 'Lahore', 'Punjab', '042-37418187', '03454145910', 1, '2019-09-18 07:51:57', '2019-09-18 07:51:57'),
(14, 21, 0, 'H. No. 06, Johar Street, Jeewan Hana, Lahore', NULL, 'Jeewan Hana', NULL, 'Lahore', 'Punjab', NULL, '03008135177', 1, '2019-09-19 05:38:27', '2019-09-19 05:38:27'),
(15, 22, 0, 'Rasool pur, Gumtala, Shakir Garh, District Narowal', NULL, 'Gumtala', NULL, 'Norowal', 'Punjab', NULL, '0331-4720360', 1, '2019-09-19 05:53:20', '2019-09-19 05:53:20'),
(16, 23, 0, 'House No. 501, E-1, WAPDA Town, Lahore', NULL, 'WAPDA Town', NULL, 'Lahore', 'Punjab', '042-35968165', '0333-4587995', 1, '2019-09-25 10:01:27', '2019-09-25 10:01:27'),
(17, 24, 0, '15-F/1, WAPDA Town, Lahore', NULL, 'WAPDA Town', NULL, 'Lahore', 'Punjab', '04234182221', '0345-4291840', 1, '2019-09-26 10:07:52', '2019-09-26 10:07:52'),
(18, 25, 0, 'H. No. 86/16-E, Ahmad Park, Fathayabad, Lahore Cantt.', NULL, 'Cantt.', NULL, 'Lahore', 'Punjab', NULL, '03144013412', 1, '2019-09-30 05:02:31', '2019-09-30 05:02:31'),
(19, 26, 0, 'H. No. 122-B, St. No. 4, Railway Officers Colony, Waltan Road, Lahore Cantt.', NULL, 'Cantt.', NULL, 'Lahore', 'Punjab', NULL, '03055454926', 1, '2019-09-30 05:22:11', '2019-09-30 05:22:11'),
(20, 26, 1, 'H. No. 122-B, St. No. 4, Railway Officers Colony, Waltan Road, Lahore Cantt.', NULL, 'Cantt.', NULL, 'Lahore', 'Punjab', NULL, '03055454926', 1, '2019-09-30 05:23:45', '2019-09-30 05:23:45'),
(21, 27, 0, 'H. No. 966, R.I, Johar Town, Lahore', NULL, 'Johar Town', NULL, 'Lahore', 'Punjab', NULL, '0323-4484263', 1, '2019-10-03 05:01:25', '2019-10-03 05:01:25'),
(22, 28, 0, 'H. No. 83, Block No. J-3, WAPDA, Lahore', NULL, 'WAPDA Town', NULL, 'Lahore', 'Punjab', NULL, '0300-4749011', 1, '2019-10-03 05:34:32', '2019-10-03 05:34:32'),
(23, 29, 0, '2051/11, Ghousia St. Nizamdin Park, Rasheed Pura, Behind Pakistan Mint, Lahore', NULL, 'Rasheed Pura', NULL, 'Lahore', 'Punjab', '042-36554722', '0307-4394217', 1, '2019-10-08 05:03:19', '2019-10-08 05:03:19'),
(24, 30, 0, 'H. No. 6, St. No. 3, Village Mahaldara, District Bagh, Azad Kashmir', NULL, 'District & Tehsil Bagh, Azad Kashmir', NULL, 'Bagh', 'Punjab', NULL, '0311-4248445', 1, '2019-10-08 05:49:49', '2019-10-08 05:49:49'),
(25, 31, 0, 'New abadi, House No. 23, Street No. 36, Fazal Street Gardi Shahu, Lahore', NULL, 'Gardi Shahu', NULL, 'Lahore', 'Punjab', '04236372293', '0313-4410608', 1, '2019-10-11 06:00:44', '2019-10-11 06:00:44'),
(26, 32, 0, '452-Q, Block Model Town, Lahore', NULL, 'Model Town', NULL, 'Lahore', 'Punjab', '04236360975', '03334456225', 1, '2019-10-11 06:30:56', '2019-10-11 06:30:56'),
(27, 33, 0, 'House No. E-767, Jorha Town, Lahore', NULL, 'Johar Town', NULL, 'Lahore', 'Punjab', NULL, '0300-5213529', 1, '2019-10-16 04:43:05', '2019-10-16 04:43:05'),
(28, 34, 0, 'House No. 364, Q-Block, Phsase-2, DHA, Lahore', NULL, 'DHA Lahore', 'Cantt', 'Lahore', 'Punjab', NULL, '0333-5600177', 1, '2019-10-16 05:04:20', '2019-10-16 05:04:20'),
(29, 35, 0, 'House No. 16, Street No. 170 Zahid Colony, Chah Jammu Wala New Samanabad Lhr.', NULL, 'Samanabad', NULL, 'Lahore', 'Punjab', NULL, '0322-48377624', 1, '2019-10-23 05:16:29', '2019-10-23 05:16:29'),
(30, 36, 0, 'Chak No. 18, Tehsil Chunian District Kasur', NULL, 'Chunian', NULL, 'Kasur', 'Punjab', NULL, '0300-8094520', 1, '2019-10-23 05:34:54', '2019-10-23 05:34:54'),
(31, 37, 0, 'Flat No. E-433/28, Street No. 3 Peer Colony, Waltan Road Cantt. Lahore', NULL, 'Waltan', NULL, 'Lahore', 'Punjab', NULL, '03444384560', 1, '2019-10-24 04:37:54', '2019-10-24 04:37:54'),
(32, 38, 0, 'House No. 83, Street No. 3, Jillani Colony, Narowa', NULL, 'Jillani', NULL, 'Narowal', 'Punjab', NULL, '0303-4162995', 1, '2019-10-24 04:46:52', '2019-10-24 04:46:52'),
(33, 39, 0, 'H. No. 02, Street No. 55, Islam Pura Factory Shahdara, Lahore', NULL, 'Shahdara', NULL, 'Lahore', 'Punjab', NULL, '03009407653', 1, '2019-10-25 04:20:40', '2019-10-25 04:20:40'),
(34, 40, 0, 'House No. 31, Iqbal Street No. 11, Kot Khawaja Saeed, Lahore', NULL, 'Kot Khawaja Saeed', 'Shalama', 'Lahore', 'Punjab', NULL, '03218099995', 1, '2019-10-25 04:35:37', '2019-10-25 04:35:37'),
(35, 41, 0, 'E-180/3, St. No. 01, New Iqbal Park, Waltan Road,  Lahore', NULL, 'Waltan', NULL, 'Lahore', 'Punjab', '04236625794', '03068848445', 1, '2019-10-28 05:02:14', '2019-10-28 05:02:14'),
(36, 42, 0, 'H. No. 9/394, St. M. Shafi Bhatti', NULL, 'Jamia Masjid', NULL, 'Lahore', 'Punjab', NULL, '03454075403', 1, '2019-10-29 04:39:51', '2019-10-29 04:39:51'),
(37, 43, 0, 'H. No. C-47, WAPDA Colony, Chashma, District, Mianwali', NULL, 'Chashma', NULL, 'Mianwali', 'Punjab', NULL, '0321-4704878', 1, '2019-10-29 04:58:14', '2019-10-29 04:58:14'),
(38, 44, 0, 'Village Gumtala Tehsil Shakargarh District Narowal', NULL, 'Gumtala', NULL, 'Narowal', 'Punjab', NULL, '03234178469', 4, '2019-10-30 04:29:31', '2019-10-30 04:29:31'),
(39, 45, 0, 'H. No. 7, St. /Mohallah 2, Zubair Road, Ferdos Park, Rajgarh Lahore', NULL, 'Rajgarh', NULL, 'Lahore', 'Punjab', NULL, '03124525633', 1, '2019-10-30 04:42:47', '2019-10-30 04:42:47'),
(40, 46, 0, 'H. No. E-265, St. No. 02, Mian Mir Colony, Dharum Pura Lahore', NULL, 'Dharum Pura', 'Cantt', 'Lahore', 'Punjab', NULL, '03244350289', 1, '2019-10-31 04:25:25', '2019-10-31 04:31:26'),
(41, 47, 0, 'Rasul Pur, P.O. Box Gumtala, Tehsil Shakargarh, District Narowal', NULL, 'Shakargarh', NULL, 'Narowal', 'Punjab', NULL, '03124443198', 1, '2019-10-31 04:55:09', '2019-10-31 04:55:09'),
(42, 48, 0, 'Kothyala Verkahan, P.O. Box, Kothyala Verkan, District, Sheikupura', NULL, 'Koyhyala Verkan', NULL, 'Sheikhupura', 'Punjab', NULL, '03134934744', 1, '2019-10-31 05:14:12', '2019-10-31 05:14:12'),
(43, 49, 0, 'St. No. 03, Ittefaq Colony, Lajpat Road, Shahdara, Lahore', NULL, 'Shahdara', NULL, 'Lahore', 'Punjab', NULL, '03334699364', 1, '2019-11-04 04:39:10', '2019-11-04 04:39:10'),
(44, 50, 0, 'H. No. 332-Satlug Block, Allama Iqbal Town, Lahore', NULL, 'Allama Iqbal Town', NULL, 'Lahore', 'Punjab', NULL, '03219461872', 1, '2019-11-04 05:00:39', '2019-11-04 05:00:39'),
(45, 51, 0, 'H. No. 84-A, Model Town, Lahore', NULL, 'Model Town', NULL, 'Lahore', 'Punjab', NULL, '03005042139', 1, '2019-11-05 04:27:40', '2019-11-05 04:27:40'),
(46, 52, 0, 'Village Gopi Pur Bhattian P.O. Box Adam Draz, Tehsil Daska, District, Sialkot', NULL, 'Gopi Pur', NULL, 'Sialkot', 'Punjab', NULL, '0300-7160875', 1, '2019-11-05 04:41:04', '2019-11-05 04:41:04'),
(47, 53, 0, 'H. No. 389-CC, St. No. 7, Phase-IV, DHA Lahore', NULL, 'DHA', 'Cantt', 'Lahore', 'Punjab', NULL, '03334557377', 1, '2019-11-06 05:08:37', '2019-11-06 05:08:37'),
(48, 54, 0, 'H. No. 12, SAT Gure St. Shamnagar Choburji, Lahore', NULL, 'Chouburji', NULL, 'Lahore', 'Punjab', NULL, '03217094554', 1, '2019-11-07 05:02:54', '2019-11-07 05:02:54'),
(49, 55, 0, 'H. No. 1123/2-C, Dari Muhallah, Larkana', NULL, 'Larkana', NULL, 'Larkana', 'Sindh', NULL, '03337544389', 1, '2019-11-07 05:22:00', '2019-11-07 05:22:00'),
(50, 56, 0, 'H. No. 172-B, Iqbal Avenue Housing Society, WAPDA Town, Lahore.', NULL, 'WAPDA Town', NULL, 'Lahore', 'Punjab', NULL, '03361407863', 1, '2019-11-08 05:44:25', '2019-11-08 05:44:25'),
(51, 57, 0, 'H. No. 568-3CI, Town Ship', NULL, 'Town Ship', NULL, 'Lahore', 'Punjab', NULL, '0300-4463834', 1, '2019-11-08 05:55:20', '2019-11-08 05:55:20'),
(52, 58, 0, 'H. No. 79, Block-S, Model Town, Lahore', NULL, 'Model Town', NULL, 'Lahore', 'Punjab', NULL, '03009493106', 1, '2019-11-11 04:29:16', '2019-11-11 04:29:16'),
(53, 59, 0, 'H. No. 23, Bait-ul-Saeed, Opposite Cold Drink Shop, Ghosia St. Daroghawala, Lahore', NULL, 'Daroghawala', NULL, 'Lahore', 'Punjab', NULL, '03074173367', 1, '2019-11-11 04:45:48', '2019-11-11 04:45:48'),
(54, 60, 0, 'H. No. 8, St. No. 6, Kucha Muhammandi, Sultanpura, Lahore', NULL, 'Sultan Pura', NULL, 'Lahore', 'Punjab', NULL, '03144060281', 1, '2019-11-14 04:27:19', '2019-11-14 04:27:19'),
(55, 61, 0, 'H. No. 241-Ahmad Block, Near Garden Town, Lahore', NULL, 'Garden Town', NULL, 'Lahore', 'Punjab', NULL, '0300300300', 1, '2019-11-18 06:05:18', '2019-11-18 06:05:18');

--
-- Dumping data for table `contact_numbers`
--

INSERT INTO `contact_numbers` (`id`, `name`, `designation`, `mobile_1`, `mobile_2`, `mobile_3`, `office`, `fax`, `landline`, `email`, `address`, `remarks`, `created_at`, `updated_at`) VALUES
(1, 'Ahmad Khan Bhatti', 'Chief Executive ', '0300-8477161', NULL, NULL, NULL, NULL, NULL, NULL, NULL, NULL, '2019-09-13 05:11:18', '2019-09-13 05:11:18'),
(2, 'Hafiz Zubair', 'General Manager (Finance)', '0300-8495586', NULL, NULL, NULL, NULL, NULL, NULL, NULL, NULL, '2019-09-13 05:11:18', '2019-09-13 05:11:18'),
(3, 'Khalid Latif Sheikh', 'General Manager (C&C)', '0333-4217672', NULL, NULL, NULL, NULL, NULL, NULL, NULL, NULL, '2019-09-13 05:11:18', '2019-09-13 05:11:18'),
(4, 'Nazir Ahmad Ghuman', 'Project Manager', '0333-4971458', NULL, NULL, NULL, NULL, '042-7830517', NULL, NULL, NULL, '2019-09-13 05:11:18', '2019-09-13 05:11:18'),
(5, 'Sajid Munir Sulehri', 'RPM LESCO', '0301-4241078', NULL, NULL, NULL, NULL, NULL, NULL, NULL, NULL, '2019-09-13 05:11:18', '2019-09-13 05:11:18'),
(6, 'Abdul Razzaq Cheema', 'Project Manager', '0347-4447728', NULL, NULL, NULL, NULL, NULL, NULL, NULL, NULL, '2019-09-13 05:11:18', '2019-09-13 05:11:18'),
(7, 'Zamir Hussain Shad', 'Chief Engineer (Design-I)', '0321-9461872', NULL, NULL, NULL, NULL, NULL, NULL, NULL, NULL, '2019-09-13 05:11:18', '2019-09-13 05:11:18'),
(8, 'Syed Wajid Ali Shah', 'Team leader', '0306-4384052', NULL, NULL, NULL, NULL, NULL, NULL, NULL, NULL, '2019-09-13 05:11:18', '2019-09-13 05:11:18'),
(9, 'Muhammad Saleem Jat', 'Project Manager', '0300-3010660', NULL, NULL, NULL, NULL, NULL, NULL, NULL, NULL, '2019-09-13 05:11:18', '2019-09-13 05:11:18'),
(10, 'Yunas Khan', 'Project Manager', '0331-9161593', NULL, NULL, NULL, NULL, NULL, 'myunaskhandaur@yahoo.com', 'H.No.161, Sector-A, St.No.6. Township, Bannu KPK', NULL, '2019-09-13 05:11:18', '2019-09-13 05:11:18'),
(11, 'Aurangzeb ', 'Dy. RPM MEPCO', '0300-6339197', NULL, NULL, NULL, NULL, NULL, NULL, NULL, NULL, '2019-09-13 05:11:18', '2019-09-13 05:11:18'),
(12, 'Muneeb Ahmad Dar', 'Construction Manager', '0323-8425836', NULL, NULL, NULL, NULL, NULL, NULL, NULL, NULL, '2019-09-13 05:11:18', '2019-09-13 05:11:18'),
(13, 'Maqbool Hussain Sindhu', 'RPM HESCO', '0333-2914823', NULL, NULL, NULL, NULL, NULL, NULL, NULL, NULL, '2019-09-13 05:11:18', '2019-09-13 05:11:18'),
(14, 'Imtiaz Khalid Chaudary', 'Project Manager', '0300-2012210', NULL, NULL, NULL, NULL, '021-3471824', NULL, 'B-267, Phase-II, Gulshan-e-Hadeed, Bin Qasim Town, Karachi', NULL, '2019-09-13 05:11:18', '2019-09-13 05:11:18'),
(15, 'Ashiq Hussain Bhatti', 'Project Manager', '0300-4890036', '0333-8881251', NULL, NULL, NULL, NULL, NULL, NULL, NULL, '2019-09-13 05:11:18', '2019-09-13 05:11:18'),
(16, 'Jahangir Saleem Chughtai', 'Principal Engineer (Design)', '0333-4426460', NULL, NULL, NULL, NULL, '042-35224350', NULL, NULL, NULL, '2019-09-13 05:11:18', '2019-09-13 05:11:18'),
(17, 'Mohammad Ibrahim', 'Project Manager', '0302-8427085', NULL, NULL, NULL, NULL, NULL, 'matesengr@yahoo.com', '311-B, Nishtar Block, Allama Iqbal Town, Lahore', NULL, '2019-09-13 05:11:18', '2019-09-13 05:11:18'),
(18, 'Sajawal Lund Baloch', 'Construction Manager', '0300-3251512', '0344-4888816', NULL, NULL, NULL, NULL, NULL, NULL, NULL, '2019-09-13 05:11:18', '2019-09-13 05:11:18'),
(19, 'Muhammad Khalil', 'Senior Engineer', '0333-4053288', NULL, NULL, NULL, NULL, NULL, NULL, NULL, NULL, '2019-09-13 05:11:18', '2019-09-13 05:11:18'),
(20, 'Muhamamd Ashraf Khan', 'Chief Engineer (Design-II)', '0344-4306890', NULL, NULL, NULL, NULL, NULL, NULL, NULL, NULL, '2019-09-13 05:11:19', '2019-09-13 05:11:19'),
(21, 'Masood Akbar Pasha', 'Team leader', '0322-4453801', NULL, NULL, NULL, NULL, '042-35185777', NULL, NULL, NULL, '2019-09-13 05:11:19', '2019-09-13 05:11:19'),
(22, 'Malik Iqtidar Hussain', 'Chief Project Manager', '0300-4463834', NULL, NULL, NULL, NULL, '042-35122462', NULL, NULL, NULL, '2019-09-13 05:11:19', '2019-09-13 05:11:19'),
(23, 'Saif-ur-Rehman', 'Principal Engineer (T/L)', '0336-1407863', NULL, NULL, NULL, NULL, NULL, NULL, NULL, NULL, '2019-09-13 05:11:19', '2019-09-13 05:11:19'),
(24, 'Sadiq Ali Shakir', 'Contract Expert', '0300-4366009', NULL, NULL, NULL, NULL, '042-37580675', NULL, NULL, NULL, '2019-09-13 05:11:19', '2019-09-13 05:11:19'),
(25, 'Muhammad Rafi', 'Senior Engineer (Substation)', '0321-8837458', NULL, NULL, NULL, NULL, '042-37240602', NULL, NULL, NULL, '2019-09-13 05:11:19', '2019-09-13 05:11:19'),
(26, 'M. Zulfiqar Ahmad', 'Construction Manager', '0300-4299853', NULL, NULL, NULL, NULL, '042-35725998', NULL, NULL, NULL, '2019-09-13 05:11:19', '2019-09-13 05:11:19'),
(27, 'Irshad Ahmed Arain', 'Project Manager', '0333-2688518', NULL, NULL, NULL, NULL, '022-3400240', NULL, NULL, NULL, '2019-09-13 05:11:19', '2019-09-13 05:11:19'),
(28, 'Muhammad Aslam Sadiq', 'T & C Engineer', '0300-6360313', NULL, NULL, NULL, NULL, NULL, NULL, NULL, NULL, '2019-09-13 05:11:19', '2019-09-13 05:11:19'),
(29, 'Muhammad Ashraf Bhatti', 'Principal  Engineer (Civil)', '0300-7160875', NULL, NULL, NULL, NULL, '055-3842011', NULL, NULL, NULL, '2019-09-13 05:11:19', '2019-09-13 05:11:19'),
(30, 'Mukhtar Ahmad', 'Protection Expert', '0345-4074856', NULL, NULL, NULL, NULL, NULL, NULL, NULL, NULL, '2019-09-13 05:11:19', '2019-09-13 05:11:19'),
(31, 'Iftikhar Ahmad Khan', 'Senior Engineer (Elect.)', '0333-5600177', NULL, NULL, NULL, NULL, NULL, NULL, NULL, NULL, '2019-09-13 05:11:19', '2019-09-13 05:11:19'),
(32, 'Riaz Hussain Bhatti', 'Principal Engineer (Civil)', '0333-1499410', '0334-7889410', NULL, NULL, NULL, '066-2425346', NULL, NULL, NULL, '2019-09-13 05:11:19', '2019-09-13 05:11:19'),
(33, 'Irshad Gul', 'Principal Engineer (Substation)', '0333-9145971', NULL, NULL, NULL, NULL, '091-5892444', NULL, NULL, NULL, '2019-09-13 05:11:19', '2019-09-13 05:11:19'),
(34, 'Bilal Saghir', 'Junior Engineer (Civil)', '0322-4055507', NULL, NULL, NULL, NULL, NULL, NULL, NULL, NULL, '2019-09-13 05:11:19', '2019-09-13 05:11:19'),
(35, 'Usama Anwar', 'Junior Engineer (T/L)', '0345-4335275', NULL, NULL, NULL, NULL, NULL, NULL, NULL, NULL, '2019-09-13 05:11:19', '2019-09-13 05:11:19'),
(36, 'Jawad Munir', 'Junior Engineer (Civil)', '0345-7117100', NULL, NULL, NULL, NULL, NULL, NULL, NULL, NULL, '2019-09-13 05:11:19', '2019-09-13 05:11:19'),
(37, 'Muhammad Farhan', 'Senior Engineer (Civil)', '0300-5042139', NULL, NULL, NULL, NULL, NULL, NULL, NULL, NULL, '2019-09-13 05:11:19', '2019-09-13 05:11:19'),
(38, 'Iftikhar ul Haq', 'Senior Engineer (Elect.)', '0322-4699258', NULL, NULL, NULL, NULL, '042-5836580', NULL, NULL, NULL, '2019-09-13 05:11:19', '2019-09-13 05:11:19'),
(39, 'Talha Fareed Hashmi', 'Junior Engineer (Elect.)', '0334-9949659', NULL, NULL, NULL, NULL, '042-7568101', NULL, NULL, NULL, '2019-09-13 05:11:19', '2019-09-13 05:11:19'),
(40, 'Nadeem Abbas', 'Junior Engineer (Civil)', '0332-4896553', NULL, NULL, NULL, NULL, NULL, NULL, NULL, NULL, '2019-09-13 05:11:19', '2019-09-13 05:11:19'),
(41, 'Muhammad Afzal Sial', 'Overseer (Civil)', '0331-4568070', '0340-5650718', NULL, NULL, NULL, '042-37914710', NULL, NULL, NULL, '2019-09-13 05:11:19', '2019-09-13 05:11:19'),
(42, 'Yasir Ali', 'Supervisor (Elect.)', '0333-4028257', NULL, NULL, NULL, NULL, NULL, NULL, NULL, NULL, '2019-09-13 05:11:19', '2019-09-13 05:11:19'),
(43, 'Uzair Afzal', 'Supervisor (Elect.)', '0321-5586466', NULL, NULL, NULL, NULL, '042-35155079', NULL, NULL, NULL, '2019-09-13 05:11:19', '2019-09-13 05:11:19'),
(44, 'Naveed Ahmad', 'Engineering Expert (S/S)', '0333-4416379', NULL, NULL, NULL, NULL, '042-35188900', NULL, NULL, NULL, '2019-09-13 05:11:19', '2019-09-13 05:11:19'),
(45, 'Abdul Rashid', 'Engineering Expert (T/L)', '0345-4131807', NULL, NULL, NULL, NULL, NULL, NULL, NULL, NULL, '2019-09-13 05:11:19', '2019-09-13 05:11:19'),
(46, 'Afeera Afzal', 'Junior Engineer (Elect.)', '0321-8832233', NULL, NULL, NULL, NULL, '042-35155079', NULL, NULL, NULL, '2019-09-13 05:11:19', '2019-09-13 05:11:19'),
(47, 'Asad Ullah Ashraf', 'Junior Engineer (Elect.)', '0334-6855882', NULL, NULL, NULL, NULL, NULL, NULL, NULL, NULL, '2019-09-13 05:11:19', '2019-09-13 05:11:19'),
(48, 'Syeda Kokab Khalid', 'Junior Engineer (Elect.)', '0345-4698212', NULL, NULL, NULL, NULL, NULL, NULL, NULL, NULL, '2019-09-13 05:11:19', '2019-09-13 05:11:19'),
(49, 'Muhammad Rafique Anjum', 'Junior Engineer (Elect.)', '0300-4407237', NULL, NULL, NULL, NULL, NULL, NULL, NULL, NULL, '2019-09-13 05:11:19', '2019-09-13 05:11:19'),
(50, 'Naveed ur Rehman', 'Junior Engineer (Elect.)', '0333-9336607', NULL, NULL, NULL, NULL, NULL, NULL, NULL, NULL, '2019-09-13 05:11:19', '2019-09-13 05:11:19'),
(51, 'Tariq Mehmood', 'Junior Engineer (Civil)', '0302-5110215', NULL, NULL, NULL, NULL, NULL, NULL, NULL, NULL, '2019-09-13 05:11:19', '2019-09-13 05:11:19'),
(52, 'Sultan Kamran', 'Supervisor (Civil)', '0321-4096476', '0333-4403580', NULL, NULL, NULL, NULL, NULL, NULL, NULL, '2019-09-13 05:11:19', '2019-09-13 05:11:19'),
(53, 'Saghir Ahmad', 'Inspector (Civil)', '0300-4399482', NULL, NULL, NULL, NULL, NULL, NULL, NULL, NULL, '2019-09-13 05:11:19', '2019-09-13 05:11:19'),
(54, 'Akhtar Aziz', 'Engineer Expert (T/L)', '0333-4468311', NULL, NULL, NULL, NULL, '042-35180448', NULL, NULL, NULL, '2019-09-13 05:11:20', '2019-09-13 05:11:20'),
(55, 'Muhammad Khaliq', 'Junior Engineer (Elect.)', '0300-5213529', NULL, NULL, NULL, NULL, NULL, NULL, NULL, NULL, '2019-09-13 05:11:20', '2019-09-13 05:11:20'),
(56, 'Usman Hamid', 'Junior Engineer (Elect.)', '0300-4090498', NULL, NULL, NULL, NULL, NULL, NULL, NULL, NULL, '2019-09-13 05:11:20', '2019-09-13 05:11:20'),
(57, 'Hammad Rashid', 'Junior Engineer (Elect.)', '0342-4171689', NULL, NULL, NULL, NULL, '042-37927141', NULL, NULL, NULL, '2019-09-13 05:11:20', '2019-09-13 05:11:20'),
(58, 'Fayyaz Mehmood Karimi', 'Junior Engineer (Elect.)', '0333-4699364', NULL, NULL, NULL, NULL, NULL, NULL, NULL, NULL, '2019-09-13 05:11:20', '2019-09-13 05:11:20'),
(59, 'Mehmood Shah', 'Junior Engineer (Elect.)', '0321-3106166', '0300-5713293', NULL, NULL, NULL, NULL, NULL, NULL, NULL, '2019-09-13 05:11:20', '2019-09-13 05:11:20'),
(60, 'Muhammad Kamran', 'Inspector (Elect.)', '0332-2898725', NULL, NULL, NULL, NULL, NULL, NULL, NULL, NULL, '2019-09-13 05:11:20', '2019-09-13 05:11:20'),
(61, 'Muhammad Imran', 'Inspector (Elect.)', '0301-3919279', '0333-6402239', NULL, NULL, NULL, '0238-408012', NULL, NULL, NULL, '2019-09-13 05:11:20', '2019-09-13 05:11:20'),
(62, 'Naazar Hussain', 'Supervisor (Elect.)', '0322-6084914', NULL, NULL, NULL, NULL, NULL, NULL, NULL, NULL, '2019-09-13 05:11:20', '2019-09-13 05:11:20'),
(63, 'Muhammad Nasir', 'Inspector (Civil)', '0332-3551703', NULL, NULL, NULL, NULL, NULL, NULL, NULL, NULL, '2019-09-13 05:11:20', '2019-09-13 05:11:20'),
(64, 'Sajjad Qaisar', 'Junior Engineer (Civil)', '0333-4280511', NULL, NULL, NULL, NULL, NULL, NULL, NULL, NULL, '2019-09-13 05:11:20', '2019-09-13 05:11:20'),
(65, 'Khan Muhammad', 'Project Manager', '0370-4444672', NULL, NULL, NULL, NULL, NULL, NULL, NULL, NULL, '2019-09-13 05:11:20', '2019-09-13 05:11:20'),
(66, 'Safder Rashid', 'Construction Manager G/S', '0331-4415728', '0300-8452830', NULL, NULL, NULL, NULL, NULL, NULL, NULL, '2019-09-13 05:11:20', '2019-09-13 05:11:20'),
(67, 'Kamal Haider Toor', 'Senior Engineer (Civil)', '0321-7094554', '0311-6094554', NULL, NULL, NULL, NULL, 'kamalexclusive@hotmail.com', NULL, NULL, '2019-09-13 05:11:20', '2019-09-13 05:11:20'),
(68, 'Abdul Mujeeb Abro', 'Senior Engineer (Civil)', '0333-2711824', NULL, NULL, NULL, NULL, NULL, NULL, NULL, NULL, '2019-09-13 05:11:20', '2019-09-13 05:11:20'),
(69, 'Tariq Mahmood ul Hassan', 'Senior Engineer (Civil)', '0345-8535711', NULL, NULL, NULL, NULL, NULL, NULL, NULL, NULL, '2019-09-13 05:11:20', '2019-09-13 05:11:20'),
(70, 'Muhammad Haneef', 'Construction Supervision Expert  (Civil)', '0300-7317594', '0333-4340612', NULL, NULL, NULL, NULL, NULL, NULL, NULL, '2019-09-13 05:11:20', '2019-09-13 05:11:20'),
(71, 'Abdul Ghafoor Janjua', 'Senior Engineer (Elect.)', '0324-5262290', NULL, NULL, NULL, NULL, NULL, NULL, NULL, NULL, '2019-09-13 05:11:20', '2019-09-13 05:11:20'),
(72, 'Asad Aman', 'Junior Engineer (Elect.)', '0345-9822291', NULL, NULL, NULL, NULL, '0966-731386', NULL, NULL, NULL, '2019-09-13 05:11:20', '2019-09-13 05:11:20'),
(73, 'Muhammad Tahir Ali', 'Junior Engineer (Elect.)', '0345-9187415', NULL, NULL, NULL, NULL, NULL, NULL, NULL, NULL, '2019-09-13 05:11:20', '2019-09-13 05:11:20'),
(74, 'M. Junaid Khan', 'Junior Engineer (Elect.)', '0333-9957969', NULL, NULL, NULL, NULL, NULL, NULL, NULL, NULL, '2019-09-13 05:11:20', '2019-09-13 05:11:20'),
(75, 'Zeeshan Ahmad', 'Driver', '0343-3142787', NULL, NULL, NULL, NULL, NULL, NULL, NULL, NULL, '2019-09-13 05:11:20', '2019-09-13 05:11:20'),
(76, 'Rizwan ', 'Computer Operator', '0321-4123868', NULL, NULL, NULL, NULL, NULL, NULL, NULL, NULL, '2019-09-13 05:11:20', '2019-09-13 05:11:20'),
(77, 'Muhammad Nasrullah', 'Overseer (Civil)', '0300-4647111', '0333-0213000', NULL, NULL, NULL, NULL, NULL, NULL, 'Muhammad Nasrullah C/O TCS Office, Mianwali 0333-4955055\n0300-5679344, 0300-5604524, \n0333-5941624', '2019-09-13 05:11:20', '2019-09-13 05:11:20'),
(78, 'Muhammad Imran', 'Inspector (Elect.)', '0345-3723757', '0332-6273101', NULL, NULL, NULL, NULL, NULL, NULL, NULL, '2019-09-13 05:11:20', '2019-09-13 05:11:20'),
(79, 'Aqeel Akram', 'Inspector (Elect.)', '0312-4161207', NULL, NULL, NULL, NULL, '042-38535717', NULL, NULL, NULL, '2019-09-13 05:11:20', '2019-09-13 05:11:20'),
(80, 'M. Tariq Ameen', 'Surveyor (Civil)', '0301-6668965', NULL, NULL, NULL, NULL, NULL, NULL, NULL, NULL, '2019-09-13 05:11:20', '2019-09-13 05:11:20'),
(81, 'Aftab Ahmad Shaikh', 'Construction Manager', '0301-5204144', NULL, NULL, NULL, NULL, NULL, NULL, NULL, NULL, '2019-09-13 05:11:20', '2019-09-13 05:11:20'),
(82, 'Abdul Hassan', 'Inspector (Civil)', '0333-7977770', NULL, NULL, NULL, NULL, NULL, NULL, NULL, NULL, '2019-09-13 05:11:20', '2019-09-13 05:11:20'),
(83, 'Sohail Iqbal', 'Inspector (Elect.)', '0300-3115997', NULL, NULL, NULL, NULL, NULL, NULL, NULL, NULL, '2019-09-13 05:11:20', '2019-09-13 05:11:20'),
(84, 'Muhamamd Tahir Butt', 'Inspector (Civil)', '0334-9947686', NULL, NULL, NULL, NULL, NULL, NULL, NULL, NULL, '2019-09-13 05:11:20', '2019-09-13 05:11:20'),
(85, 'Muhammad Ibrahim', 'Construction Manager', NULL, NULL, NULL, NULL, NULL, '042-35427085', NULL, NULL, NULL, '2019-09-13 05:11:20', '2019-09-13 05:11:20'),
(86, 'Abdul Majeed', 'Senior Engineer (Civil)', '0301-8113144', '0300-4162264', NULL, NULL, NULL, NULL, NULL, NULL, NULL, '2019-09-13 05:11:20', '2020-02-14 05:04:48'),
(87, 'Muhammad Ajaz Anwar', 'Junior Engineer (Elect.)', '0333-6615297', NULL, NULL, NULL, NULL, NULL, NULL, NULL, NULL, '2019-09-13 05:11:20', '2019-09-13 05:11:20'),
(88, 'Balqias Khan', 'Inspector (Civil)', '0345-9764260', '0300-5481116', '0346-8500016', NULL, NULL, '0928-503532', NULL, NULL, NULL, '2019-09-13 05:11:20', '2019-09-13 05:11:20'),
(89, 'Muhammad Anwar Jan', 'Construction Manager', '0306-3875768', NULL, NULL, NULL, NULL, NULL, NULL, NULL, NULL, '2019-09-13 05:11:20', '2019-09-13 05:11:20'),
(90, 'Asadullah Mirza', 'Junior Engineer (Elect.)', '0333-2604881', NULL, NULL, NULL, NULL, '022-2631863', NULL, NULL, NULL, '2019-09-13 05:11:20', '2019-09-13 05:11:20'),
(91, 'Azhar Javaid Butt', 'Inspector (Elect.)', '0300-8702256', NULL, NULL, NULL, NULL, NULL, NULL, NULL, NULL, '2019-09-13 05:11:20', '2019-09-13 05:11:20'),
(92, 'Saif Ullah', 'Lineman', '0344-5821336', '0333-7739697', NULL, NULL, NULL, NULL, NULL, NULL, NULL, '2019-09-13 05:11:20', '2019-09-13 05:11:20'),
(93, 'Jawad Hussain Chandio', 'Project Manager', '0321-9299917', NULL, NULL, NULL, NULL, NULL, NULL, NULL, NULL, '2019-09-13 05:11:21', '2019-09-13 05:11:21'),
(94, 'Haresh Kumar', 'Senior Engineer (Elect.)', '0333-7544389', NULL, NULL, NULL, NULL, '074-4046593', NULL, NULL, NULL, '2019-09-13 05:11:21', '2019-09-13 05:11:21'),
(95, 'Abdul Khalique', 'Senior Engineer (Civil)', '0300-3045912', NULL, NULL, NULL, NULL, NULL, NULL, NULL, NULL, '2019-09-13 05:11:21', '2019-09-13 05:11:21'),
(96, 'Bashir Ahmed', 'Senior Engineer (Elect.)', '0321-2068002', NULL, NULL, NULL, NULL, NULL, NULL, NULL, NULL, '2019-09-13 05:11:21', '2019-09-13 05:11:21'),
(97, 'Bashir Ahmed', 'Inspector (Elect.)', '0344-6375055', NULL, NULL, NULL, NULL, NULL, NULL, NULL, NULL, '2019-09-13 05:11:21', '2019-09-13 05:11:21'),
(98, 'Attique-ur-Rehman', 'Supervisor (Civil)', '0344-3466227', NULL, NULL, NULL, NULL, NULL, NULL, NULL, NULL, '2019-09-13 05:11:21', '2019-09-13 05:11:21'),
(99, 'Umar Fiaz', 'Inspector (Elect.)', '0301-4400647', NULL, NULL, NULL, NULL, NULL, NULL, NULL, NULL, '2019-09-13 05:11:21', '2019-09-13 05:11:21'),
(100, 'Qamar Ali Asim', 'Junior Engineer (Civil)', '0301-6548588', NULL, NULL, NULL, NULL, NULL, NULL, NULL, NULL, '2019-09-13 05:11:21', '2019-09-13 05:11:21'),
(101, 'Nadeem Abbas', 'Lineman', '0334-5464275', NULL, NULL, NULL, NULL, NULL, NULL, NULL, NULL, '2019-09-13 05:11:21', '2019-09-13 05:11:21'),
(102, 'Ali Ihatasham', 'Supervisor (Elect.)', '0347-6442721', NULL, NULL, NULL, NULL, NULL, NULL, NULL, NULL, '2019-09-13 05:11:21', '2019-09-13 05:11:21'),
(103, 'Rafae Munir', 'Junior Engineer (Elect.)', '0333-4557377', NULL, NULL, NULL, NULL, '042-35722369', NULL, NULL, NULL, '2019-09-13 05:11:21', '2019-09-13 05:11:21'),
(104, 'Muhammad Azam', 'Junior Engineer (Elect.)', '0333-6797758', NULL, NULL, NULL, NULL, NULL, NULL, NULL, NULL, '2019-09-13 05:11:21', '2019-09-13 05:11:21'),
(105, 'Shah Mohammad', 'Team Leader', '0323-4033051', NULL, NULL, NULL, NULL, '042-37833925', NULL, NULL, NULL, '2019-09-13 05:11:21', '2019-09-13 05:11:21'),
(106, 'Omer Akram', 'Junior Engineer (Elect.)', '0345-4784015', NULL, NULL, NULL, NULL, NULL, NULL, NULL, NULL, '2019-09-13 05:11:21', '2019-09-13 05:11:21'),
(107, 'Faraz Ahmed', 'Junior Engineer (Elect.)', '0321-4032955', NULL, NULL, NULL, NULL, NULL, NULL, NULL, NULL, '2019-09-13 05:11:21', '2019-09-13 05:11:21'),
(108, 'Sheikh Faraz ', 'Accountant ', '0323-4404684', NULL, NULL, NULL, NULL, NULL, NULL, NULL, NULL, '2019-09-13 05:11:21', '2019-09-13 05:11:21'),
(109, 'Asher', 'Office Manager Shikarpur', '0345-3855449', NULL, NULL, NULL, NULL, NULL, NULL, NULL, NULL, '2019-09-13 05:11:21', '2019-09-13 05:11:21'),
(110, 'Makhdoom Ali', 'Principal Engineer (Civil)', NULL, NULL, NULL, NULL, NULL, '042-35410308', NULL, NULL, NULL, '2019-09-13 05:11:21', '2019-09-13 05:11:21'),
(111, 'Bashir Shaheen', 'Principal Engineer (Civil)', NULL, NULL, NULL, NULL, NULL, '042-37840676', NULL, NULL, NULL, '2019-09-13 05:11:21', '2019-09-13 05:11:21'),
(112, 'Muhammad Sharif Khan', 'RPM IESCO', '0323-5518281', NULL, NULL, NULL, NULL, '051-4446719', NULL, NULL, NULL, '2019-09-13 05:11:21', '2019-09-13 05:11:21'),
(113, 'Sohail Fiaz Qureshi', 'Senior Engineer (Elect.)', '0333-2702223', NULL, NULL, NULL, NULL, NULL, NULL, NULL, NULL, '2019-09-13 05:11:21', '2019-09-13 05:11:21'),
(114, 'Noor Ahmad Mangal', 'RPM QESCO', '0333-7819750', NULL, NULL, NULL, NULL, NULL, NULL, NULL, NULL, '2019-09-13 05:11:21', '2019-09-13 05:11:21'),
(115, 'Imran Yousaf', 'Accountant', '0323-4579060', NULL, NULL, NULL, NULL, NULL, NULL, NULL, NULL, '2019-09-13 05:11:21', '2019-09-13 05:11:21'),
(116, 'Imtiaz Hussain Qureshi', 'Constrction Supervision Expert Electrical', '0300-6336226', NULL, NULL, NULL, NULL, NULL, NULL, NULL, NULL, '2019-09-13 05:11:21', '2019-09-13 05:11:21'),
(117, 'Muhammad Irfan', 'Accounts Officer ', '0300-6802476', NULL, NULL, NULL, NULL, NULL, NULL, NULL, NULL, '2019-09-13 05:11:21', '2019-09-13 05:11:21'),
(118, 'Muhammad Iqbal Jan', 'RPM GEPCO', '0333-4201001', '0305-4963389', NULL, NULL, NULL, NULL, NULL, NULL, NULL, '2019-09-13 05:11:21', '2019-11-04 13:29:55'),
(119, 'Yaqoob Khalid', 'Accounts Officer ', '0322-4819430', NULL, NULL, NULL, NULL, NULL, NULL, NULL, NULL, '2019-09-13 05:11:21', '2019-09-13 05:11:21'),
(120, 'NESPAK House', NULL, NULL, NULL, NULL, '990900000', NULL, NULL, NULL, NULL, 'ext. 415', '2019-09-13 05:11:21', '2019-09-13 05:11:21'),
(121, 'Muhammad Ishfaq', 'Lineman', '0300-5068437', NULL, NULL, NULL, NULL, NULL, NULL, NULL, NULL, '2019-09-13 05:11:21', '2019-09-13 05:11:21'),
(122, 'Samar Gull', 'Telecom Expert', '0300-4236087', NULL, NULL, NULL, NULL, NULL, NULL, NULL, NULL, '2019-09-13 05:11:21', '2019-09-13 05:11:21'),
(123, 'Memood Shah\n', 'Senior Engineer (Elect.)', '0300-5713293', '0331-3642301', NULL, NULL, NULL, NULL, 'pnlmahmoodshah@yahoo.com', 'Tariq Kirana & General Store\nBai Jee Chowk, Panu Aakil, District Sukkur', NULL, '2019-09-13 05:11:21', '2019-09-13 05:11:21'),
(124, 'Abdul Samad', 'Junior Engineer', '0336-8154468', NULL, NULL, NULL, NULL, NULL, NULL, NULL, NULL, '2019-09-13 05:11:21', '2019-09-13 05:11:21'),
(125, 'Dr. Fayyaz Akram', 'Power Tek', '0312-7664199', NULL, NULL, NULL, NULL, NULL, NULL, NULL, NULL, '2019-09-13 05:11:21', '2019-09-13 05:11:21'),
(126, 'Tahir ', 'NESPAK Engineer Neelum-Jhelum', '0321-4282328', NULL, NULL, NULL, NULL, NULL, NULL, NULL, NULL, '2019-09-13 05:11:21', '2019-09-13 05:11:21'),
(127, 'Umer Hayat', 'NESPAK Senior Expert', '0334-5146757', NULL, NULL, NULL, NULL, NULL, NULL, NULL, NULL, '2019-09-13 05:11:21', '2019-09-13 05:11:21'),
(128, 'Khalid ', 'Graphic Printers', '0333-43518 99', NULL, NULL, NULL, NULL, '042-36290390', NULL, NULL, NULL, '2019-09-13 05:11:21', '2019-09-13 05:11:21'),
(129, 'Manzoor', 'EOBI', '0332-4243658', NULL, NULL, NULL, NULL, NULL, NULL, NULL, 'EOBI Case Mr. Tariq Khan S/O Sultan Khan Driver', '2019-09-13 05:11:21', '2019-09-13 05:11:21'),
(130, 'A.  Ali Ch.', 'EOBI', '0321-4014251', NULL, NULL, NULL, NULL, NULL, NULL, NULL, NULL, '2019-09-13 05:11:21', '2019-09-13 05:11:21'),
(131, 'Ch. Khalil', 'Accounts Officer ', '0333-4552837', NULL, NULL, NULL, NULL, NULL, NULL, NULL, NULL, '2019-09-13 05:11:21', '2019-09-13 05:11:21'),
(132, 'Haseeb ', 'Senior Engineer ACE', '0300-9790888', NULL, NULL, NULL, NULL, NULL, 'Haseebkhan1984@hotmail.com', NULL, NULL, '2019-09-13 05:11:22', '2019-09-13 05:11:22'),
(133, 'Hammad ', 'Printer / Refilling', '0322-8488612', NULL, NULL, NULL, NULL, NULL, NULL, NULL, NULL, '2019-09-13 05:11:22', '2019-09-13 05:11:22'),
(134, 'Asif Bajwa ', 'Photocopy Machine', '0300-4222179', NULL, NULL, NULL, NULL, '042-36376140', NULL, NULL, NULL, '2019-09-13 05:11:22', '2019-09-13 05:11:22'),
(135, 'Khalid Abbas', 'Civil Engineer', '0308-8040020', NULL, NULL, NULL, NULL, NULL, NULL, NULL, NULL, '2019-09-13 05:11:22', '2019-09-13 05:11:22'),
(136, 'Akram Photocopy Machine', NULL, '0345-4316693', '0305-4346821', NULL, NULL, NULL, NULL, NULL, NULL, NULL, '2019-09-13 05:11:22', '2019-09-13 05:11:22'),
(137, 'Adeel Ahmad', 'Accountant', '0321-6876711', NULL, NULL, NULL, NULL, NULL, NULL, NULL, NULL, '2019-09-13 05:11:22', '2019-09-13 05:11:22'),
(138, 'CASA 1000 Mobile No.', NULL, '00777-15029992', NULL, NULL, NULL, NULL, NULL, 'secretariat@casa-1000.org', NULL, NULL, '2019-09-13 05:11:22', '2019-09-13 05:11:22'),
(139, 'Tasawar ', 'Rent a Car', '0301-4211531', NULL, NULL, NULL, NULL, NULL, NULL, NULL, NULL, '2019-09-13 05:11:22', '2019-09-13 05:11:22'),
(140, 'Tahir Mahmood ', 'IESCO Computer Operator', '0313-5351417', NULL, NULL, NULL, NULL, NULL, NULL, NULL, NULL, '2019-09-13 05:11:22', '2019-09-13 05:11:22'),
(141, 'Rasheed Ahmad', 'Ex. PD Islamabad NTDC', '0335-7401512', NULL, NULL, NULL, NULL, NULL, NULL, '\nHouse. No.201, Block-B, \nNESPAK Colony, Phase-III, Defence Road, Lahore', NULL, '2019-09-13 05:11:22', '2019-09-13 05:11:22'),
(142, 'Safdar', 'Lineman NTC', '0346-7727107', NULL, NULL, NULL, NULL, NULL, NULL, NULL, NULL, '2019-09-13 05:11:22', '2019-09-13 05:11:22'),
(143, 'NTC DSL Activitation', NULL, NULL, NULL, NULL, '042-99203545', NULL, NULL, NULL, NULL, '042-99205505', '2019-09-13 05:11:22', '2019-09-13 05:11:22'),
(144, 'NTC DSL Issues', NULL, NULL, NULL, NULL, '042-99203545', NULL, NULL, NULL, NULL, NULL, '2019-09-13 05:11:22', '2019-09-13 05:11:22'),
(145, 'NTC DSL Complain', NULL, '99203542-44', NULL, NULL, NULL, NULL, NULL, NULL, NULL, NULL, '2019-09-13 05:11:22', '2019-09-13 05:11:22'),
(146, 'NTC Revenue & Billing', NULL, NULL, NULL, NULL, '042-99202323', NULL, NULL, NULL, NULL, '042-99205566\n042-99203700', '2019-09-13 05:11:22', '2019-09-13 05:11:22'),
(147, 'DE Phones NTC ', 'NTC DSL Upgradation', NULL, NULL, NULL, '042-99203536', '042-99203535', NULL, NULL, NULL, NULL, '2019-09-13 05:11:22', '2019-09-13 05:11:22'),
(148, 'Chief Engineer (EHV-II) Hyderabad', 'Office ', NULL, NULL, NULL, '022-9250123', NULL, NULL, NULL, NULL, NULL, '2019-09-13 05:11:22', '2019-09-13 05:11:22'),
(149, 'Zahoor Ahmad ', 'Driver EHV-II', '0345-3593483', NULL, NULL, NULL, NULL, NULL, NULL, NULL, NULL, '2019-09-13 05:11:22', '2019-09-13 05:11:22'),
(150, 'Survey of Pakistan ', 'For Firm Registration', NULL, NULL, NULL, '051-9290210', NULL, NULL, NULL, NULL, NULL, '2019-09-13 05:11:22', '2019-09-13 05:11:22'),
(151, 'Ahsan Nazir', 'Junior Engineer (Electrical)', '0315-4101400', NULL, NULL, NULL, NULL, NULL, NULL, NULL, 'Son of Nazir Ahmad PS CE BARQAAB', '2019-09-13 05:11:22', '2019-09-13 05:11:22'),
(152, 'Muhammad Jamil', 'Utility Person BARQAAB', '0300-4082558', NULL, NULL, NULL, NULL, NULL, NULL, NULL, NULL, '2019-09-13 05:11:22', '2019-09-13 05:11:22'),
(153, 'Hafeez Minhas', 'Accountant BARQAAB', '0301-4222157', NULL, NULL, NULL, NULL, NULL, NULL, NULL, NULL, '2019-09-13 05:11:22', '2019-09-13 05:11:22'),
(154, 'Farhan Nadeem', 'Junior Engineer Electrical', '0323-4185883', NULL, NULL, NULL, NULL, NULL, NULL, NULL, NULL, '2019-09-13 05:11:22', '2019-09-13 05:11:22'),
(155, 'PTCL Connection Close', NULL, NULL, NULL, NULL, '042-35710085', NULL, NULL, NULL, NULL, NULL, '2019-09-13 05:11:22', '2019-09-13 05:11:22'),
(156, 'Muhammad Tanvir', 'NDC Secretary Ejaz Sb.', NULL, NULL, NULL, '042-38100332', NULL, NULL, NULL, NULL, NULL, '2019-09-13 05:11:22', '2019-09-13 05:11:22'),
(157, 'Atif', 'Malik Computers', '0333-4433466', NULL, NULL, '042-32200606', NULL, NULL, NULL, NULL, NULL, '2019-09-13 05:11:22', '2019-09-13 05:11:22'),
(158, 'Juniad Khalil', 'Accountant', '0331-9610822', NULL, NULL, NULL, NULL, NULL, NULL, NULL, NULL, '2019-09-13 05:11:22', '2019-09-13 05:11:22'),
(159, 'Shehyar', 'SDO CDA', '0333-5526017', NULL, NULL, NULL, NULL, NULL, 'engr.sheri_93@yahoo.com', NULL, NULL, '2019-09-13 05:11:22', '2019-09-13 05:11:22'),
(160, 'Muhammad Salim', 'DRPM Lesco', '0333-4422571', NULL, NULL, NULL, NULL, NULL, NULL, NULL, NULL, '2019-09-13 05:11:22', '2019-09-13 05:11:22'),
(161, 'Qasim bin Nasir', 'Junior Engineer (Electrical)', '0321-4040896', NULL, NULL, NULL, NULL, NULL, NULL, NULL, NULL, '2019-09-13 05:11:22', '2019-09-13 05:11:22'),
(162, 'Muhammad Ilyas', 'Civil Expert', '0320-3467891', '0346-6227065', NULL, NULL, NULL, NULL, NULL, NULL, NULL, '2019-09-13 05:11:22', '2019-10-28 07:49:58'),
(163, 'Zohaib Hassan Mehar', 'Junior Engineer (Civil)', '0332-2946886', NULL, NULL, NULL, NULL, NULL, NULL, NULL, NULL, '2019-09-13 05:11:22', '2019-09-13 05:11:22'),
(164, 'Mr. Nadeem ', 'Harbin Chaina', '0333-5317888', NULL, NULL, NULL, NULL, NULL, NULL, NULL, NULL, '2019-09-13 05:11:22', '2019-09-13 05:11:22'),
(165, 'Waheed Murad', 'Airline Booking', '0333-4227453', NULL, NULL, NULL, NULL, NULL, NULL, NULL, NULL, '2019-09-13 05:11:22', '2019-09-13 05:11:22'),
(166, 'Emanuial Bhatti  A.P.S.', 'WAPDA Composite Schedule Rate', '0302-4230954', NULL, NULL, NULL, NULL, NULL, NULL, NULL, NULL, '2019-09-13 05:11:22', '2019-09-13 05:11:22'),
(167, 'Yishing Wang Bhikki', 'Harbin Chaina', '0310-7296888', NULL, NULL, NULL, NULL, NULL, NULL, NULL, NULL, '2019-09-13 05:11:22', '2019-09-13 05:11:22'),
(168, 'Muhammad Ilyas ', 'Driver, BARQAAB', '0322-4639053', NULL, NULL, NULL, NULL, NULL, NULL, NULL, NULL, '2019-09-13 05:11:22', '2019-09-13 05:11:22'),
(169, 'Azhar Abbas', 'Kashif Aslam & Associates', '0335-4514171', NULL, NULL, NULL, NULL, NULL, NULL, NULL, NULL, '2019-09-13 05:11:22', '2019-09-13 05:11:22'),
(170, 'Muhammad Asim', 'Junior Engineer', '0322-4830065', NULL, NULL, NULL, NULL, NULL, 'muhammadasim556@gmail.com', NULL, NULL, '2019-09-13 05:11:22', '2019-09-13 05:11:22'),
(171, 'Jawad Akbar', 'Computer Operator Mardan Office', '0344-4475276', NULL, NULL, NULL, NULL, NULL, NULL, NULL, NULL, '2019-09-13 05:11:22', '2019-09-13 05:11:22'),
(172, 'Abdullah Jaura', 'Project Manager OurSons (Pvt.)', '0321-4712048', NULL, NULL, NULL, NULL, NULL, NULL, NULL, NULL, '2019-09-13 05:11:23', '2019-09-13 05:11:23'),
(173, 'Naeem', 'WAPDA House Liberary', '0333-4542245', NULL, NULL, NULL, NULL, NULL, NULL, NULL, NULL, '2019-09-13 05:11:23', '2019-09-13 05:11:23'),
(174, 'Hamza Ovais', 'OMS', '0334-3353990', NULL, NULL, NULL, NULL, NULL, 'hamza.ovais@omsltd.net', NULL, NULL, '2019-09-13 05:11:23', '2019-09-13 05:11:23'),
(175, 'Muhammad Ilyas', 'Project Manager NESPAK', '0321-4469746', NULL, NULL, NULL, NULL, NULL, NULL, NULL, NULL, '2019-09-13 05:11:23', '2019-09-13 05:11:23'),
(176, 'Asif Printing ', 'Printing Presss', '0301-4256425', NULL, NULL, NULL, NULL, NULL, NULL, NULL, NULL, '2019-09-13 05:11:23', '2019-09-13 05:11:23'),
(177, 'Muhammad Shakill', 'Asif Printer Designer', '0300-8871221', NULL, NULL, NULL, NULL, NULL, NULL, NULL, NULL, '2019-09-13 05:11:23', '2019-09-13 05:11:23'),
(178, 'Pohoo Sootahar', 'Construction Manager HUBCO-Jamshoro', '0333-2751410', NULL, NULL, NULL, NULL, NULL, NULL, NULL, NULL, '2019-09-13 05:11:23', '2019-09-13 05:11:23'),
(179, 'Akhtar', 'PTCL Lineman for PTCL No. 36370398', '0333-4295118', NULL, NULL, NULL, NULL, NULL, NULL, NULL, NULL, '2019-09-13 05:11:23', '2019-09-13 05:11:23'),
(180, 'Muhammad Nawaz', 'Chief Engineer BARQAAB', '0307-4173367', NULL, NULL, NULL, NULL, NULL, NULL, NULL, NULL, '2019-09-13 05:11:23', '2019-09-13 05:11:23'),
(181, 'Inayatullah', 'PD GMHPP', '0345-5107268', '0300-9085807', NULL, NULL, NULL, NULL, NULL, NULL, NULL, '2019-09-13 05:11:23', '2019-09-13 05:11:23'),
(182, 'KAKAPOTO', 'RPM SEPCO', '0300-2638981', NULL, NULL, NULL, NULL, NULL, NULL, NULL, NULL, '2019-09-13 05:11:23', '2019-09-13 05:11:23'),
(183, 'Abdul Samad Abbasi', 'Junior Engineer (IT)', '0315-4701272', NULL, NULL, NULL, NULL, NULL, NULL, NULL, NULL, '2019-09-13 05:11:23', '2019-09-13 05:11:23'),
(184, 'PD FESCO', 'Telephone', NULL, NULL, NULL, '041-2642752-51', '041-9230071', NULL, NULL, NULL, NULL, '2019-09-13 05:11:23', '2019-09-13 05:11:23'),
(185, 'Asif SB OMS IT', 'IT Expert', '0334-4244397', NULL, NULL, '042-35748660', NULL, NULL, NULL, NULL, NULL, '2019-09-13 05:11:23', '2019-09-13 05:11:23'),
(186, 'Rustam Ali', 'Inspector Electrical', '0306-4477971', NULL, NULL, NULL, NULL, NULL, NULL, NULL, NULL, '2019-09-13 05:11:23', '2019-09-13 05:11:23'),
(187, 'Sujat Galanai', 'Standard Chartered Bank', '0321-4057368', NULL, NULL, NULL, NULL, NULL, NULL, NULL, NULL, '2019-09-13 05:11:23', '2019-09-13 05:11:23'),
(188, 'Saad', 'Retional Manager SC', '0321-5557477', NULL, NULL, NULL, NULL, NULL, NULL, NULL, NULL, '2019-09-13 05:11:23', '2019-09-13 05:11:23'),
(189, 'Hyderabad HVDC Office', NULL, '022-2117531', NULL, NULL, NULL, NULL, NULL, NULL, 'BARQAAB Consulting Services (Pvt.) Ltd.\nBungalow No.C-07, Samanabad, Qasimabad, HYDERABAD', NULL, '2019-09-13 05:11:23', '2019-09-13 05:11:23'),
(190, 'Shahyar Amjad ', 'Junior Engineer Electrical Neelum-Jhelum', '0345-9870059', NULL, NULL, NULL, NULL, NULL, NULL, NULL, NULL, '2019-09-13 05:11:23', '2019-09-13 05:11:23'),
(191, 'Arsal Sajjad', 'Junior Engineer Civil Neelum-Jhelum', '0304-0361995', NULL, NULL, NULL, NULL, NULL, NULL, NULL, NULL, '2019-09-13 05:11:23', '2019-09-13 05:11:23'),
(192, 'Mr. Ibrar', 'Universal Fire Protection ', '0321-9700008', NULL, NULL, '042-37429773', NULL, NULL, NULL, NULL, NULL, '2019-09-13 05:11:23', '2019-09-13 05:11:23'),
(193, 'Abdul Rehman', 'Unitied Insurance', '0303-7179588', NULL, NULL, NULL, NULL, NULL, NULL, NULL, NULL, '2019-09-13 05:11:23', '2019-09-13 05:11:23'),
(194, 'Amer Rauf', 'MD OMS', '0302-8486250', NULL, NULL, NULL, NULL, NULL, NULL, NULL, NULL, '2019-09-13 05:11:23', '2019-09-13 05:11:23'),
(195, 'Hafiz Muhammad Umer Hayat', 'Junior Engineer (Electrical)', '0305-6048048', NULL, NULL, NULL, NULL, NULL, NULL, NULL, NULL, '2019-09-13 05:11:23', '2019-09-13 05:11:23'),
(196, 'Moeez ul Huda ', 'Manager Finance EnMasse', '0323-4038115', NULL, NULL, '042-35314702', NULL, NULL, NULL, NULL, NULL, '2019-09-13 05:11:23', '2019-09-13 05:11:23'),
(197, 'Muhammad Asif', 'VU Student', '0300-4824808', NULL, NULL, NULL, NULL, NULL, NULL, NULL, NULL, '2019-09-13 05:11:23', '2019-09-13 05:11:23'),
(198, 'Kamal Hussain', 'RM Business Clinet SC Bank', '0300-4253027', NULL, NULL, NULL, NULL, NULL, NULL, NULL, '3520113557767\'', '2019-09-13 05:11:23', '2019-09-13 05:11:23'),
(199, 'Shahid Mahmood', 'Nigeria Project', '0321-6767303', NULL, NULL, NULL, NULL, NULL, 'smahmood6565@gmail.com', NULL, NULL, '2019-09-13 05:11:23', '2019-09-13 05:11:23'),
(200, 'Khalid Javed Farukh', 'Senior Accounts ', '0304-8144234', '0323-8416175', NULL, NULL, NULL, NULL, NULL, NULL, NULL, '2019-09-13 05:11:23', '2019-09-13 05:11:23'),
(201, 'Naveed Anjum', 'Distribution Expert for MEPCO', '0300-9686688', NULL, NULL, NULL, NULL, NULL, NULL, NULL, NULL, '2019-09-13 05:11:23', '2019-09-13 05:11:23'),
(202, 'Naeem Basit', 'Toshiba - General Traders', '0300-4571194', NULL, NULL, NULL, NULL, NULL, NULL, NULL, NULL, '2019-09-13 05:11:23', '2019-09-13 05:11:23'),
(203, 'Hafiz Usman', 'Electrician BARQAAB', '0333-4897026', NULL, NULL, NULL, NULL, NULL, NULL, NULL, NULL, '2019-09-13 05:11:23', '2019-09-13 05:11:23'),
(204, 'Abdul Majid Rafi', 'Accounts Officer ', '0333-4216022', NULL, NULL, NULL, NULL, NULL, NULL, NULL, NULL, '2019-09-13 05:11:23', '2019-09-13 05:11:23'),
(205, 'Habib ullah Sheikh', 'T& G Expert', '0300-0863078', NULL, NULL, NULL, NULL, NULL, 'habish786@gmail.com', NULL, NULL, '2019-09-13 05:11:23', '2019-09-13 05:11:23'),
(207, 'Umer Saleem', 'Junior Engineer Electrical', '0331-6379595', NULL, NULL, NULL, NULL, NULL, NULL, NULL, NULL, '2019-09-13 05:11:24', '2019-09-13 05:11:24'),
(208, 'Muhammad Akram Arian', 'Accountant HESCO', '0344-3545417', NULL, NULL, NULL, NULL, NULL, NULL, NULL, NULL, '2019-09-13 05:11:24', '2019-09-13 05:11:24'),
(210, 'Muhammad Ismail', 'Junior Engineer (Electrical', '0321-4074780', '0331-6668050', NULL, NULL, NULL, NULL, NULL, NULL, NULL, '2019-09-23 08:02:52', '2019-09-23 08:02:52'),
(212, 'Hussnain Bhatti', 'DASU Engineer', '0304-3344117', '0336-4017732', NULL, NULL, NULL, NULL, NULL, NULL, NULL, '2019-09-23 09:25:06', '2019-09-23 09:25:06'),
(213, 'Fida Hussain', 'OMS Project Coordinator', '0302-8480766', NULL, NULL, NULL, NULL, NULL, NULL, NULL, NULL, '2019-10-02 11:22:32', '2019-10-02 11:22:32'),
(214, 'Ahmed K. Mirza', 'Engineering Geologist, AKM Geotechnical', '0333-8006746', '042-3781337', NULL, NULL, NULL, NULL, 'ahmed@akmcorp.net', '39-Chenab Block, Allama Iqbal Town, Lahore', NULL, '2019-10-03 07:49:31', '2019-10-03 07:49:31'),
(215, 'Faisal', 'NESPAK STG Department', '03008478188', NULL, NULL, NULL, NULL, NULL, NULL, NULL, NULL, '2019-10-04 09:45:41', '2019-10-04 09:45:41'),
(216, 'Nadeem Baig', 'Utility Person', '0324-4350289', NULL, NULL, NULL, NULL, NULL, NULL, NULL, NULL, '2019-10-04 10:31:31', '2019-10-04 10:32:13'),
(220, 'Haseeb', 'Assistant Manager MP&M', '0335-7401370', NULL, NULL, NULL, NULL, NULL, NULL, NULL, NULL, '2019-10-07 06:02:01', '2019-10-07 06:02:01'),
(221, 'Shahroze Ali', 'Junior Expert (Electrical)', '0334-2816448', NULL, NULL, NULL, NULL, NULL, NULL, NULL, NULL, '2019-10-10 07:29:53', '2019-10-10 07:29:53'),
(222, 'Col. Mumtaz', NULL, '0333-4319936', NULL, NULL, NULL, NULL, NULL, NULL, NULL, NULL, '2019-10-28 06:35:45', '2019-10-28 06:35:45'),
(223, 'Sultan Ahmad Sheikh', 'Ex Senior Accounts Officer BARQAAB', '0305-5776601', NULL, NULL, NULL, NULL, NULL, NULL, NULL, NULL, '2019-11-01 05:24:57', '2019-11-01 05:24:57'),
(224, 'Abu Adil', 'Senior General Manager OMS', '0302-8293158', NULL, NULL, NULL, NULL, NULL, NULL, NULL, NULL, '2019-11-11 03:52:57', '2019-11-11 03:52:57'),
(225, 'Yousif Aftab', 'Manager, Proposal & BD OMS', '0345-8486-015', '042-357-48650 Ext: 115', NULL, NULL, NULL, NULL, NULL, NULL, NULL, '2019-11-15 04:47:32', '2019-11-15 04:47:32'),
(226, 'Naveed Anwar', 'Project Manager STS Sub-Soil', '0321-2603132', '021-34381117-8', NULL, NULL, NULL, NULL, 'anwer.n@sts.com.pk', NULL, NULL, '2019-11-15 05:28:20', '2019-11-15 05:28:54'),
(227, 'Rashid Khan', 'TCS Delivery', '0333-4367305', NULL, NULL, NULL, NULL, NULL, NULL, NULL, NULL, '2019-11-18 07:15:08', '2019-11-18 07:15:08'),
(228, 'Hafiz Arslan Khan', 'J.E Electrical', '0334-4067968', NULL, NULL, NULL, NULL, NULL, 'arslan033440@gmail.com', NULL, NULL, '2020-02-17 04:49:37', '2020-02-17 05:00:24'),
(229, 'Hamid Masih', 'Pension LESCO', '0323-4138188', NULL, NULL, NULL, NULL, NULL, NULL, NULL, NULL, '2020-02-18 07:28:27', '2020-02-18 07:28:27'),
(230, 'Hafiz Sarmad', 'Mechnical Engineer', '0306-4228690', '0323-0427874', NULL, NULL, NULL, NULL, NULL, NULL, NULL, '2020-02-27 08:34:21', '2020-02-27 08:34:21'),
(231, 'Nazir Ahmad', 'PTCL', '0300-4121703', '042-36629495', NULL, NULL, NULL, NULL, NULL, NULL, NULL, '2020-03-02 05:27:16', '2020-03-02 05:27:16'),
(232, 'Ammad Hussain Hashmi', 'IGI General Insurance Ltd', '0344-8401328', NULL, NULL, NULL, NULL, NULL, 'ammad.mkt@igi.com.pk', NULL, NULL, '2020-03-02 11:39:11', '2020-03-02 11:39:11');

--
-- Dumping data for table `countries`
--

INSERT INTO `countries` (`id`, `name`, `code`) VALUES
(1, 'Pakistan', 'PK'),
(2, 'United States', 'US'),
(3, 'Canada', 'CA'),
(4, 'Afghanistan', 'AF'),
(5, 'Albania', 'AL'),
(6, 'Algeria', 'DZ'),
(7, 'American Samoa', 'AS'),
(8, 'Andorra', 'AD'),
(9, 'Angola', 'AO'),
(10, 'Anguilla', 'AI'),
(11, 'Antarctica', 'AQ'),
(12, 'Antigua and/or Barbuda', 'AG'),
(13, 'Argentina', 'AR'),
(14, 'Armenia', 'AM'),
(15, 'Aruba', 'AW'),
(16, 'Australia', 'AU'),
(17, 'Austria', 'AT'),
(18, 'Azerbaijan', 'AZ'),
(19, 'Bahamas', 'BS'),
(20, 'Bahrain', 'BH'),
(21, 'Bangladesh', 'BD'),
(22, 'Barbados', 'BB'),
(23, 'Belarus', 'BY'),
(24, 'Belgium', 'BE'),
(25, 'Belize', 'BZ'),
(26, 'Benin', 'BJ'),
(27, 'Bermuda', 'BM'),
(28, 'Bhutan', 'BT'),
(29, 'Bolivia', 'BO'),
(30, 'Bosnia and Herzegovina', 'BA'),
(31, 'Botswana', 'BW'),
(32, 'Bouvet Island', 'BV'),
(33, 'Brazil', 'BR'),
(34, 'British lndian Ocean Territory', 'IO'),
(35, 'Brunei Darussalam', 'BN'),
(36, 'Bulgaria', 'BG'),
(37, 'Burkina Faso', 'BF'),
(38, 'Burundi', 'BI'),
(39, 'Cambodia', 'KH'),
(40, 'Cameroon', 'CM'),
(41, 'Cape Verde', 'CV'),
(42, 'Cayman Islands', 'KY'),
(43, 'Central African Republic', 'CF'),
(44, 'Chad', 'TD'),
(45, 'Chile', 'CL'),
(46, 'China', 'CN'),
(47, 'Christmas Island', 'CX'),
(48, 'Cocos (Keeling) Islands', 'CC'),
(49, 'Colombia', 'CO'),
(50, 'Comoros', 'KM'),
(51, 'Congo', 'CG'),
(52, 'Cook Islands', 'CK'),
(53, 'Costa Rica', 'CR'),
(54, 'Croatia (Hrvatska)', 'HR'),
(55, 'Cuba', 'CU'),
(56, 'Cyprus', 'CY'),
(57, 'Czech Republic', 'CZ'),
(58, 'Democratic Republic of Congo', 'CD'),
(59, 'Denmark', 'DK'),
(60, 'Djibouti', 'DJ'),
(61, 'Dominica', 'DM'),
(62, 'Dominican Republic', 'DO'),
(63, 'East Timor', 'TP'),
(64, 'Ecudaor', 'EC'),
(65, 'Egypt', 'EG'),
(66, 'El Salvador', 'SV'),
(67, 'Equatorial Guinea', 'GQ'),
(68, 'Eritrea', 'ER'),
(69, 'Estonia', 'EE'),
(70, 'Ethiopia', 'ET'),
(71, 'Falkland Islands (Malvinas)', 'FK'),
(72, 'Faroe Islands', 'FO'),
(73, 'Fiji', 'FJ'),
(74, 'Finland', 'FI'),
(75, 'France', 'FR'),
(76, 'France, Metropolitan', 'FX'),
(77, 'French Guiana', 'GF'),
(78, 'French Polynesia', 'PF'),
(79, 'French Southern Territories', 'TF'),
(80, 'Gabon', 'GA'),
(81, 'Gambia', 'GM'),
(82, 'Georgia', 'GE'),
(83, 'Germany', 'DE'),
(84, 'Ghana', 'GH'),
(85, 'Gibraltar', 'GI'),
(86, 'Greece', 'GR'),
(87, 'Greenland', 'GL'),
(88, 'Grenada', 'GD'),
(89, 'Guadeloupe', 'GP'),
(90, 'Guam', 'GU'),
(91, 'Guatemala', 'GT'),
(92, 'Guinea', 'GN'),
(93, 'Guinea-Bissau', 'GW'),
(94, 'Guyana', 'GY'),
(95, 'Haiti', 'HT'),
(96, 'Heard and Mc Donald Islands', 'HM'),
(97, 'Honduras', 'HN'),
(98, 'Hong Kong', 'HK'),
(99, 'Hungary', 'HU'),
(100, 'Iceland', 'IS'),
(101, 'India', 'IN'),
(102, 'Indonesia', 'ID'),
(103, 'Iran (Islamic Republic of)', 'IR'),
(104, 'Iraq', 'IQ'),
(105, 'Ireland', 'IE'),
(106, 'Israel', 'IL'),
(107, 'Italy', 'IT'),
(108, 'Ivory Coast', 'CI'),
(109, 'Jamaica', 'JM'),
(110, 'Japan', 'JP'),
(111, 'Jordan', 'JO'),
(112, 'Kazakhstan', 'KZ'),
(113, 'Kenya', 'KE'),
(114, 'Kiribati', 'KI'),
(115, 'Korea, Democratic People\'s Republic of', 'KP'),
(116, 'Korea, Republic of', 'KR'),
(117, 'Kuwait', 'KW'),
(118, 'Kyrgyzstan', 'KG'),
(119, 'Lao People\'s Democratic Republic', 'LA'),
(120, 'Latvia', 'LV'),
(121, 'Lebanon', 'LB'),
(122, 'Lesotho', 'LS'),
(123, 'Liberia', 'LR'),
(124, 'Libyan Arab Jamahiriya', 'LY'),
(125, 'Liechtenstein', 'LI'),
(126, 'Lithuania', 'LT'),
(127, 'Luxembourg', 'LU'),
(128, 'Macau', 'MO'),
(129, 'Macedonia', 'MK'),
(130, 'Madagascar', 'MG'),
(131, 'Malawi', 'MW'),
(132, 'Malaysia', 'MY'),
(133, 'Maldives', 'MV'),
(134, 'Mali', 'ML'),
(135, 'Malta', 'MT'),
(136, 'Marshall Islands', 'MH'),
(137, 'Martinique', 'MQ'),
(138, 'Mauritania', 'MR'),
(139, 'Mauritius', 'MU'),
(140, 'Mayotte', 'TY'),
(141, 'Mexico', 'MX'),
(142, 'Micronesia, Federated States of', 'FM'),
(143, 'Moldova, Republic of', 'MD'),
(144, 'Monaco', 'MC'),
(145, 'Mongolia', 'MN'),
(146, 'Montserrat', 'MS'),
(147, 'Morocco', 'MA'),
(148, 'Mozambique', 'MZ'),
(149, 'Myanmar', 'MM'),
(150, 'Namibia', 'NA'),
(151, 'Nauru', 'NR'),
(152, 'Nepal', 'NP'),
(153, 'Netherlands', 'NL'),
(154, 'Netherlands Antilles', 'AN'),
(155, 'New Caledonia', 'NC'),
(156, 'New Zealand', 'NZ'),
(157, 'Nicaragua', 'NI'),
(158, 'Niger', 'NE'),
(159, 'Nigeria', 'NG'),
(160, 'Niue', 'NU'),
(161, 'Norfork Island', 'NF'),
(162, 'Northern Mariana Islands', 'MP'),
(163, 'Norway', 'NO'),
(164, 'Oman', 'OM'),
(165, 'Palau', 'PW'),
(166, 'Panama', 'PA'),
(167, 'Papua New Guinea', 'PG'),
(168, 'Paraguay', 'PY'),
(169, 'Peru', 'PE'),
(170, 'Philippines', 'PH'),
(171, 'Pitcairn', 'PN'),
(172, 'Poland', 'PL'),
(173, 'Portugal', 'PT'),
(174, 'Puerto Rico', 'PR'),
(175, 'Qatar', 'QA'),
(176, 'Republic of South Sudan', 'SS'),
(177, 'Reunion', 'RE'),
(178, 'Romania', 'RO'),
(179, 'Russian Federation', 'RU'),
(180, 'Rwanda', 'RW'),
(181, 'Saint Kitts and Nevis', 'KN'),
(182, 'Saint Lucia', 'LC'),
(183, 'Saint Vincent and the Grenadines', 'VC'),
(184, 'Samoa', 'WS'),
(185, 'San Marino', 'SM'),
(186, 'Sao Tome and Principe', 'ST'),
(187, 'Saudi Arabia', 'SA'),
(188, 'Senegal', 'SN'),
(189, 'Serbia', 'RS'),
(190, 'Seychelles', 'SC'),
(191, 'Sierra Leone', 'SL'),
(192, 'Singapore', 'SG'),
(193, 'Slovakia', 'SK'),
(194, 'Slovenia', 'SI'),
(195, 'Solomon Islands', 'SB'),
(196, 'Somalia', 'SO'),
(197, 'South Africa', 'ZA'),
(198, 'South Georgia South Sandwich Islands', 'GS'),
(199, 'Spain', 'ES'),
(200, 'Sri Lanka', 'LK'),
(201, 'St. Helena', 'SH'),
(202, 'St. Pierre and Miquelon', 'PM'),
(203, 'Sudan', 'SD'),
(204, 'Suriname', 'SR'),
(205, 'Svalbarn and Jan Mayen Islands', 'SJ'),
(206, 'Swaziland', 'SZ'),
(207, 'Sweden', 'SE'),
(208, 'Switzerland', 'CH'),
(209, 'Syrian Arab Republic', 'SY'),
(210, 'Taiwan', 'TW'),
(211, 'Tajikistan', 'TJ'),
(212, 'Tanzania, United Republic of', 'TZ'),
(213, 'Thailand', 'TH'),
(214, 'Togo', 'TG'),
(215, 'Tokelau', 'TK'),
(216, 'Tonga', 'TO'),
(217, 'Trinidad and Tobago', 'TT'),
(218, 'Tunisia', 'TN'),
(219, 'Turkey', 'TR'),
(220, 'Turkmenistan', 'TM'),
(221, 'Turks and Caicos Islands', 'TC'),
(222, 'Tuvalu', 'TV'),
(223, 'Uganda', 'UG'),
(224, 'Ukraine', 'UA'),
(225, 'United Arab Emirates', 'AE'),
(226, 'United Kingdom', 'GB'),
(227, 'United States minor outlying islands', 'UM'),
(228, 'Uruguay', 'UY'),
(229, 'Uzbekistan', 'UZ'),
(230, 'Vanuatu', 'VU'),
(231, 'Vatican City State', 'VA'),
(232, 'Venezuela', 'VE'),
(233, 'Vietnam', 'VN'),
(234, 'Virgin Islands (British)', 'VG'),
(235, 'Virgin Islands (U.S.)', 'VI'),
(236, 'Wallis and Futuna Islands', 'WF'),
(237, 'Western Sahara', 'EH'),
(238, 'Yemen', 'YE'),
(239, 'Yugoslavia', 'YU'),
(240, 'Zaire', 'ZR'),
(241, 'Zambia', 'ZM'),
(242, 'Zimbabwe', 'ZW');

--
-- Dumping data for table `dependents`
--

INSERT INTO `dependents` (`id`, `employee_id`, `name`, `date_of_birth`, `relation`, `gender_id`, `created_at`, `updated_at`) VALUES
(1, 13, 'Mrs Taufeeq', NULL, 'Wife', 2, '2019-08-27 23:27:53', '2019-08-27 23:27:53'),
(2, 13, 'Amber Taufeeq', NULL, 'Daughter', 2, '2019-08-27 23:28:21', '2019-08-27 23:28:21'),
(3, 13, 'Ahmad Taufeeq', NULL, 'Son', 1, '2019-08-27 23:28:37', '2019-08-27 23:28:37'),
(4, 13, 'Itrat Taufeeq', NULL, 'Daughter', 2, '2019-08-27 23:29:05', '2019-08-27 23:29:05'),
(6, 1, 'Muhammad Afzal', NULL, 'Father', 1, '2019-09-18 08:44:58', '2019-09-18 08:44:58');

--
-- Dumping data for table `designations`
--

INSERT INTO `designations` (`id`, `name`, `level`, `created_at`, `updated_at`) VALUES
(1, 'Chief Executive', 1, NULL, NULL),
(2, 'General Manager (W&C)', 1, NULL, NULL),
(3, 'General Manager (Power)', 1, NULL, NULL),
(4, 'Chief Engineer', 2, NULL, NULL),
(5, 'Chief Contract Engineer', 2, NULL, NULL),
(6, 'Project Manager', 2, NULL, NULL),
(7, 'Manager Finance', 3, NULL, NULL),
(8, 'Principal Engineer', 3, NULL, NULL),
(9, 'Principal Engineer (Electrical)', 3, NULL, NULL),
(10, 'Principal Engineer (Civil)', 3, NULL, NULL),
(11, 'Deputy Manager Finance', 4, NULL, NULL),
(12, 'Deputy Manager HR&A', 4, NULL, NULL),
(13, 'Senior Engineer', 6, NULL, NULL),
(14, 'Senior Engineer (Electrical)', 6, NULL, NULL),
(15, 'Senior Engineer (Civil)', 6, NULL, NULL),
(16, 'Junior Engineer', 9, NULL, NULL),
(17, 'Junior Engineer (Electrical)', 9, NULL, NULL),
(18, 'Junior Engineer (Civil)', 9, NULL, NULL),
(19, 'Senior Accounts Officer', 9, NULL, NULL),
(20, 'Accounts Officer', 9, NULL, NULL),
(21, 'Senior Accountant', 10, NULL, NULL),
(22, 'Audit Officer', 10, NULL, NULL),
(23, 'IT Coordinator', 10, NULL, NULL),
(24, 'Computer Processing Officer', 10, NULL, NULL),
(25, 'Office Supervisor', 10, NULL, NULL),
(26, 'Assistant Accounts Officer', 11, NULL, NULL),
(27, 'PS to Chief Executive', 11, NULL, NULL),
(28, 'Computer Operator', 11, NULL, NULL),
(29, 'AutoCAD Operator', 11, NULL, NULL),
(30, 'Accounts Assistant', 12, NULL, NULL),
(31, 'Accounts Clerk', 12, NULL, NULL),
(32, 'Junior Clerk', 12, NULL, NULL),
(33, 'Caretaker', 13, NULL, NULL),
(34, 'Driver', 13, NULL, NULL),
(35, 'Utility Person', 14, NULL, NULL),
(36, 'Security Guard', 14, NULL, NULL),
(37, 'Accountant', 11, '2019-09-25 06:33:52', '2019-09-25 06:33:52'),
(38, 'Assistant Manager Finance', 5, '2019-10-02 03:34:42', '2019-10-02 03:34:42'),
(39, 'Assistant Secretary', 11, '2019-10-03 04:36:51', '2019-10-03 04:36:51'),
(40, 'Coordinating Officer', 10, '2019-10-08 04:45:12', '2019-10-08 04:45:12'),
(41, 'Senior (HRD) & Business Development Officer', 8, '2019-11-18 05:53:21', '2019-11-18 05:53:21');

--

-- Dumping data for table `documents`
--

INSERT INTO `documents` (`id`, `employee_id`, `document_name`, `file_name`, `file_path`, `type`, `reference_no`, `date`, `created_at`, `updated_at`) VALUES
(3, 4, 'HR Form', '1565334419-4-HR Form.pdf', 'documents/4_Ahmad_Khan_Bhatti/', 'application/pdf', NULL, NULL, '2019-08-09 13:06:59', '2019-08-09 13:06:59'),
(4, 4, 'Handing Over Charge of Chief Executive', '1565334637-4-Handing Over Change of Chief Executive.pdf', 'documents/4_Ahmad_Khan_Bhatti/', 'application/pdf', NULL, NULL, '2019-08-09 13:10:37', '2019-08-09 13:12:26'),
(5, 4, 'Notification for New Chief Executive', '1565334892-4-Notification for New Chief Executive.pdf', 'documents/4_Ahmad_Khan_Bhatti/', 'application/pdf', NULL, '2013-10-22', '2019-08-09 13:14:52', '2019-08-09 13:14:52'),
(6, 4, 'Secretary  Office Order for Appointment of New Chief Executive', '1565335162-4-Secretary  Office Order for Appointment of New Chief Executive.pdf', 'documents/4_Ahmad_Khan_Bhatti/', 'application/pdf', NULL, '2013-10-13', '2019-08-09 13:19:22', '2019-08-09 13:19:22'),
(7, 4, 'Notification for Chief Executive September 2013', '1565335376-4-Notification for Chief Executive September 2013.pdf', 'documents/4_Ahmad_Khan_Bhatti/', 'application/pdf', NULL, '2013-09-18', '2019-08-09 13:22:56', '2019-08-09 13:22:56'),
(8, 4, 'Office Order for Chief Executive Vehicle', '1565339187-4-Office Order for Chief Executive Vehicle.pdf', 'documents/4_Ahmad_Khan_Bhatti/', 'application/pdf', NULL, '2013-09-13', '2019-08-09 14:26:27', '2019-08-09 14:26:27'),
(10, 5, 'CNIC Front', '1565940210-5-CNIC Front.jpg', 'documents/5_Saqib__Javiad/', 'image/jpeg', NULL, NULL, '2019-08-16 13:23:30', '2019-08-16 13:23:30'),
(11, 5, 'CNIC Back', '1565941101-5-CNIC Back.jpg', 'documents/5_Saqib__Javiad/', 'image/jpeg', NULL, NULL, '2019-08-16 13:38:21', '2019-08-16 13:38:21'),
(12, 5, 'Joining Report', '1565941215-5-Joining Report.pdf', 'documents/5_Saqib__Javiad/', 'application/pdf', NULL, NULL, '2019-08-16 13:40:15', '2019-08-16 13:40:15'),
(13, 5, 'CV', '1565941422-5-CV.pdf', 'documents/5_Saqib__Javiad/', 'application/pdf', NULL, NULL, '2019-08-16 13:43:42', '2019-08-16 13:43:42'),
(14, 5, 'B.Com Degree', '1565943899-5-B.Com Degree.pdf', 'documents/5_Saqib__Javiad/', 'application/pdf', NULL, NULL, '2019-08-16 14:25:00', '2019-08-16 14:25:00'),
(15, 5, 'Appointment Letter Acceptance', '1565944004-5-Appointment Letter Acceptance.pdf', 'documents/5_Saqib__Javiad/', 'application/pdf', NULL, NULL, '2019-08-16 14:26:44', '2019-08-16 14:26:44'),
(16, 5, 'ACCA Compliation Certificate', '1565944044-5-ACCA Compliation Certificate.pdf', 'documents/5_Saqib__Javiad/', 'application/pdf', NULL, NULL, '2019-08-16 14:27:24', '2019-08-16 14:27:24'),
(17, 5, 'Request for Extenion', '1565944159-5-Request for Extenion.pdf', 'documents/5_Saqib__Javiad/', 'application/pdf', NULL, NULL, '2019-08-16 14:29:19', '2019-08-16 14:29:19'),
(18, 5, 'F.Sc Result', '1565944282-5-F.Sc Result.pdf', 'documents/5_Saqib__Javiad/', 'application/pdf', NULL, NULL, '2019-08-16 14:31:22', '2019-08-16 14:31:22'),
(19, 5, 'Matric Result', '1565944377-5-Matric Result.pdf', 'documents/5_Saqib__Javiad/', 'application/pdf', NULL, NULL, '2019-08-16 14:32:57', '2019-08-16 14:32:57'),
(20, 5, 'Office Order for Extension in Service in Cat-A Grade-3', '1565944468-5-Office Order to Extenion in Service in CAT-A Grade-3.pdf', 'documents/5_Saqib__Javiad/', 'application/pdf', NULL, NULL, '2019-08-16 14:34:28', '2019-08-16 14:35:29'),
(21, 5, 'Completion Certificate of Training', '1565945057-5-Completion Certificate of Training.pdf', 'documents/5_Saqib__Javiad/', 'application/pdf', NULL, NULL, '2019-08-16 14:44:17', '2019-08-16 14:44:17'),
(22, 6, 'CNIC Front', '1566270372-6-CNIC Front.jpg', 'documents/6_Muhammad__Zafar/', 'image/jpeg', NULL, NULL, '2019-08-20 09:06:12', '2019-08-20 09:06:12'),
(23, 6, 'CNIC Back', '1566270393-6-CNIC Back.jpg', 'documents/6_Muhammad__Zafar/', 'image/jpeg', NULL, NULL, '2019-08-20 09:06:33', '2019-08-20 09:06:33'),
(24, 6, 'Office Order for Cat-A after Completion of 9 Months', '1566271601-6-Office Order for Cat-A after Completion of 9 Months.pdf', 'documents/6_Muhammad__Zafar/', 'application/pdf', NULL, '2018-03-26', '2019-08-20 09:26:41', '2019-08-20 09:26:41'),
(25, 6, 'Office Order for Grade-1 with two increments', '1566271687-6-Office Order for Grade-1 with two increments.pdf', 'documents/6_Muhammad__Zafar/', 'application/pdf', NULL, '2018-10-11', '2019-08-20 09:28:07', '2019-08-20 09:28:07'),
(26, 6, 'Appointment Letter', '1566271863-6-Appointment Letter.pdf', 'documents/6_Muhammad__Zafar/', 'application/pdf', NULL, '2017-05-02', '2019-08-20 09:31:03', '2019-08-20 09:31:03'),
(27, 6, 'HR Form', '1566271958-6-HR Form.pdf', 'documents/6_Muhammad__Zafar/', 'application/pdf', NULL, NULL, '2019-08-20 09:32:38', '2019-08-20 09:32:38'),
(28, 6, 'Joining Report', '1566272239-6-Joining Report.pdf', 'documents/6_Muhammad__Zafar/', 'application/pdf', NULL, '2017-05-09', '2019-08-20 09:37:19', '2019-08-20 09:37:19'),
(29, 6, 'B.Sc. Electrical Engineering Degree', '1566272378-6-B.Sc. Electrical Engineering Degree.pdf', 'documents/6_Muhammad__Zafar/', 'application/pdf', NULL, NULL, '2019-08-20 09:39:38', '2019-08-20 09:39:38'),
(30, 6, 'M.Sc Electrical Engineering Degree', '1566272421-6-M.Sc Electrical Engineering Degree.pdf', 'documents/6_Muhammad__Zafar/', 'application/pdf', NULL, NULL, '2019-08-20 09:40:21', '2019-08-20 09:40:21'),
(31, 6, 'Oracle Certification', '1566273340-6-Oracle Certification.pdf', 'documents/6_Muhammad__Zafar/', 'application/pdf', NULL, NULL, '2019-08-20 09:55:40', '2019-08-20 09:55:40'),
(32, 6, 'NTDC Appreciation Letter', '1566273370-6-NTDC Appreciation Letter.pdf', 'documents/6_Muhammad__Zafar/', 'application/pdf', NULL, NULL, '2019-08-20 09:56:10', '2019-08-20 09:56:10'),
(33, 6, 'Training Certificates', '1566273426-6-Training Certificates.pdf', 'documents/6_Muhammad__Zafar/', 'application/pdf', NULL, NULL, '2019-08-20 09:57:06', '2019-08-20 09:57:06'),
(34, 6, 'Pay Fixation for Grade-1 with two increments', '1566274100-6-Pay Fixation for Grade-1 with two increments.pdf', 'documents/6_Muhammad__Zafar/', 'application/pdf', NULL, NULL, '2019-08-20 10:08:20', '2019-08-20 10:08:20'),
(35, 7, 'Office Order for Extension in Service', '1566359488-7-Office Order for Extension in Service.pdf', 'documents/7_Mumtaz__Akhtar/', 'application/pdf', NULL, '2018-09-26', '2019-08-21 09:51:28', '2019-08-21 09:51:28'),
(36, 7, 'CNIC Front', '1566359518-7-CNIC Front.jpg', 'documents/7_Mumtaz__Akhtar/', 'image/jpeg', NULL, NULL, '2019-08-21 09:51:58', '2019-08-21 09:51:58'),
(37, 7, 'CNIC Back', '1566359537-7-CNIC Back.jpg', 'documents/7_Mumtaz__Akhtar/', 'image/jpeg', NULL, NULL, '2019-08-21 09:52:17', '2019-08-21 09:52:17'),
(38, 7, 'Appointment Letter', '1566360493-7-Appointment Letter.pdf', 'documents/7_Mumtaz__Akhtar/', 'application/pdf', NULL, '2000-08-12', '2019-08-21 10:08:13', '2019-08-21 10:08:13'),
(39, 7, 'Office Order for Grade-1', '1566470912-7-Office Order for Grade-1.pdf', 'documents/7_Mumtaz__Akhtar/', 'application/pdf', NULL, '2001-08-31', '2019-08-22 05:48:33', '2019-08-22 05:48:33'),
(40, 7, 'Officer from GM(CC&A) to GM(W&C)', '1566471553-7-Officer from GM(CC&A) to GM(W&C).pdf', 'documents/7_Mumtaz__Akhtar/', 'application/pdf', NULL, '2009-04-01', '2019-08-22 05:59:14', '2019-08-22 05:59:14'),
(41, 8, 'CNIC Front', '1566472237-8-CNIC Front.jpg', 'documents/8_Naveed_Akhtar_Nawaz/', 'image/jpeg', NULL, NULL, '2019-08-22 06:10:37', '2019-08-22 06:10:37'),
(42, 8, 'CNIC Back', '1566472326-8-CNIC Back.jpg', 'documents/8_Naveed_Akhtar_Nawaz/', 'image/jpeg', NULL, NULL, '2019-08-22 06:12:06', '2019-08-22 06:12:06'),
(43, 8, 'Appointment Letter', '1566472432-8-Appointment Letter.pdf', 'documents/8_Naveed_Akhtar_Nawaz/', 'application/pdf', NULL, '2005-05-12', '2019-08-22 06:13:52', '2019-08-22 06:13:52'),
(44, 8, 'Matric Degree', '1566472471-8-Matric Degree.pdf', 'documents/8_Naveed_Akhtar_Nawaz/', 'application/pdf', NULL, NULL, '2019-08-22 06:14:31', '2019-08-22 06:14:31'),
(45, 8, 'F.Sc Degree', '1566472488-8-F.Sc Degree.pdf', 'documents/8_Naveed_Akhtar_Nawaz/', 'application/pdf', NULL, NULL, '2019-08-22 06:14:48', '2019-08-22 06:14:48'),
(46, 8, 'HR Form', '1566472521-8-HR Form.pdf', 'documents/8_Naveed_Akhtar_Nawaz/', 'application/pdf', NULL, NULL, '2019-08-22 06:15:21', '2019-08-22 06:15:21'),
(47, 8, 'Office Order for Senior Engineer', '1566472730-8-Office Order for Senior Engineer.pdf', 'documents/8_Naveed_Akhtar_Nawaz/', 'application/pdf', NULL, '2008-01-08', '2019-08-22 06:18:51', '2019-08-22 06:18:51'),
(48, 8, 'Office Order for Grade-8', '1566472796-8-Office Order for Grade-8.pdf', 'documents/8_Naveed_Akhtar_Nawaz/', 'application/pdf', NULL, '2006-12-27', '2019-08-22 06:19:56', '2019-08-22 06:19:56'),
(49, 8, 'Office Order to Grade-6', '1566472854-8-Office Order to Grade-6.pdf', 'documents/8_Naveed_Akhtar_Nawaz/', 'application/pdf', NULL, '2016-06-09', '2019-08-22 06:20:54', '2019-08-22 06:20:54'),
(50, 9, 'HR Form', '1566473877-9-HR Form.pdf', 'documents/9_Rana_Haider_Faruq/', 'application/pdf', NULL, NULL, '2019-08-22 06:37:57', '2019-08-22 06:37:57'),
(51, 9, 'Appointment Letter', '1566473997-9-Appointment Letter.pdf', 'documents/9_Rana_Haider_Faruq/', 'application/pdf', NULL, '2010-10-29', '2019-08-22 06:39:57', '2019-08-22 06:39:57'),
(52, 9, 'Arrival Report', '1566474032-9-Arrival Report.pdf', 'documents/9_Rana_Haider_Faruq/', 'application/pdf', NULL, '2010-11-01', '2019-08-22 06:40:32', '2019-08-22 06:40:32'),
(53, 9, 'B.Sc Civil Engineering Degree', '1566474073-9-B.Sc Civil Engineering Degree.pdf', 'documents/9_Rana_Haider_Faruq/', 'application/pdf', NULL, NULL, '2019-08-22 06:41:13', '2019-08-22 06:41:13'),
(54, 9, 'CNIC Front', '1566475438-9-CNIC Front.jpg', 'documents/9_Rana_Haider_Faruq/', 'image/jpeg', NULL, NULL, '2019-08-22 07:03:59', '2019-08-22 07:03:59'),
(55, 9, 'CNIC Back', '1566475459-9-CNIC Back.jpg', 'documents/9_Rana_Haider_Faruq/', 'image/jpeg', NULL, NULL, '2019-08-22 07:04:20', '2019-08-22 07:04:20'),
(56, 9, 'PEC Card Front', '1566475479-9-PEC Card Front.jpg', 'documents/9_Rana_Haider_Faruq/', 'image/jpeg', NULL, NULL, '2019-08-22 07:04:40', '2019-08-22 07:04:40'),
(57, 9, 'PEC Card Back', '1566475496-9-PEC Card Back.jpg', 'documents/9_Rana_Haider_Faruq/', 'image/jpeg', NULL, NULL, '2019-08-22 07:04:56', '2019-08-22 07:04:56'),
(58, 9, 'F.Sc Degree', '1566475549-9-F.Sc Degree.pdf', 'documents/9_Rana_Haider_Faruq/', 'application/pdf', NULL, NULL, '2019-08-22 07:05:49', '2019-08-22 07:05:49'),
(59, 9, 'Matric Degree', '1566475586-9-Matric Degree.pdf', 'documents/9_Rana_Haider_Faruq/', 'application/pdf', NULL, NULL, '2019-08-22 07:06:26', '2019-08-22 07:06:26'),
(60, 9, 'M.Sc. Gold Medal', '1566475638-9-M.Sc. Gold Medal.pdf', 'documents/9_Rana_Haider_Faruq/', 'application/pdf', NULL, NULL, '2019-08-22 07:07:18', '2019-08-22 07:07:18'),
(61, 9, 'Office Order Grade-8', '1566475698-9-Office Order Grade-8.pdf', 'documents/9_Rana_Haider_Faruq/', 'application/pdf', NULL, '2016-06-09', '2019-08-22 07:08:18', '2019-08-22 07:08:18'),
(65, 10, 'HR Form', '1566889886-10-HR Form.pdf', 'documents/10_Fakhar-e-Alam__Bhatti/', 'application/pdf', NULL, NULL, '2019-08-27 02:11:26', '2019-08-27 02:11:26'),
(66, 10, 'B.Sc Electrical Engineering Degree', '1566890192-10-B.Sc Electrical Engineering Degree.pdf', 'documents/10_Fakhar-e-Alam__Bhatti/', 'application/pdf', NULL, NULL, '2019-08-27 02:16:32', '2019-08-27 02:16:32'),
(67, 10, 'Joining Report', '1566890219-10-Joining Report.pdf', 'documents/10_Fakhar-e-Alam__Bhatti/', 'application/pdf', NULL, NULL, '2019-08-27 02:17:00', '2019-08-27 02:17:00'),
(68, 10, 'M.Sc Computer Science Degree', '1566890262-10-M.Sc Computer Science Degree.pdf', 'documents/10_Fakhar-e-Alam__Bhatti/', 'application/pdf', NULL, NULL, '2019-08-27 02:17:42', '2019-08-27 02:17:42'),
(69, 10, 'Office Order for Cat-A after Completion of Probation Period', '1566890381-10-Office Order for Cat-A after Completion of Probation Period.pdf', 'documents/10_Fakhar-e-Alam__Bhatti/', 'application/pdf', NULL, '2015-03-09', '2019-08-27 02:19:41', '2019-08-27 02:19:41'),
(71, 10, 'Office Order for Trasnfer Dadhocha HPP Project', '1566890638-10-Office Order to Transfer Dadocha Dam Project.pdf', 'documents/10_Fakhar-e-Alam__Bhatti/', 'application/pdf', NULL, '2015-04-01', '2019-08-27 02:23:58', '2019-08-27 02:25:13'),
(72, 10, 'CV', '1566890787-10-CV.pdf', 'documents/10_Fakhar-e-Alam__Bhatti/', 'application/pdf', NULL, NULL, '2019-08-27 02:26:27', '2019-08-27 02:26:27'),
(73, 10, 'CNIC Front', '1566898189-10-CNIC Front.jpg', 'documents/10_Fakhar-e-Alam__Bhatti/', 'image/jpeg', NULL, NULL, '2019-08-27 04:29:49', '2019-08-27 04:29:49'),
(74, 10, 'CNIC Back', '1566898210-10-CNIC Back.jpg', 'documents/10_Fakhar-e-Alam__Bhatti/', 'image/jpeg', NULL, NULL, '2019-08-27 04:30:10', '2019-08-27 04:30:10'),
(76, 10, 'Office Order for Principal Engineer (IT)', '1566898387-10-Office Order for Principal Engineer (IT).pdf', 'documents/10_Fakhar-e-Alam__Bhatti/', 'application/pdf', NULL, '2015-09-15', '2019-08-27 04:33:07', '2019-08-27 04:33:07'),
(77, 13, 'CNIC Front', '1566966608-13-CNIC Front.jpg', 'documents/13_Muhammad__Taufeeq/', 'image/jpeg', NULL, NULL, '2019-08-27 23:30:09', '2019-08-27 23:30:09'),
(78, 13, 'CNIC Back', '1566966637-13-CNIC Back.jpg', 'documents/13_Muhammad__Taufeeq/', 'image/jpeg', NULL, NULL, '2019-08-27 23:30:37', '2019-08-27 23:30:37'),
(81, 17, 'CNIC Front', '1567571343-17-CNIC Front.JPG', 'documents/17_Naveed__Anwar/', 'image/jpeg', NULL, NULL, '2019-09-03 23:29:03', '2019-09-03 23:29:03'),
(82, 17, 'CNIC Back', '1567571356-17-CNIC Back.JPG', 'documents/17_Naveed__Anwar/', 'image/jpeg', NULL, NULL, '2019-09-03 23:29:16', '2019-09-03 23:29:16'),
(83, 17, 'HR Form', '1567571390-17-HR Form.pdf', 'documents/17_Naveed__Anwar/', 'application/pdf', NULL, NULL, '2019-09-03 23:29:50', '2019-09-03 23:29:50'),
(86, 16, 'Appointment Letter', '1567571828-16-Appointment Letter.pdf', 'documents/16_Ali__Arslan/', 'application/pdf', NULL, NULL, '2019-09-03 23:37:08', '2019-09-03 23:37:08'),
(87, 16, 'HR Form', '1567571847-16-HR Form.pdf', 'documents/16_Ali__Arslan/', 'application/pdf', NULL, NULL, '2019-09-03 23:37:27', '2019-09-03 23:37:27'),
(88, 16, 'Degrees', '1567571900-16-Degrees.pdf', 'documents/16_Ali__Arslan/', 'application/pdf', NULL, NULL, '2019-09-03 23:38:20', '2019-09-03 23:38:20'),
(89, 16, 'Cat-A Order', '1567571996-16-Cat-A Order.pdf', 'documents/16_Ali__Arslan/', 'application/pdf', NULL, NULL, '2019-09-03 23:39:56', '2019-09-03 23:39:56'),
(90, 16, 'Educational Certificates', '1567572370-16-Educational Certificates.pdf', 'documents/16_Ali__Arslan/', 'application/pdf', NULL, NULL, '2019-09-03 23:46:10', '2019-09-03 23:46:10'),
(92, 14, 'Appointment Letter', '1567573512-14-Appointment Letter.pdf', 'documents/14_Kabir__Ahmad/', 'application/pdf', NULL, NULL, '2019-09-04 00:05:12', '2019-09-04 00:05:12'),
(93, 14, 'HR Form', '1567573599-14-HR Form.pdf', 'documents/14_Kabir__Ahmad/', 'application/pdf', NULL, NULL, '2019-09-04 00:06:39', '2019-09-04 00:06:39'),
(94, 14, 'Confirmation of Services', '1567573724-14-Confirmation of Services.pdf', 'documents/14_Kabir__Ahmad/', 'application/pdf', NULL, NULL, '2019-09-04 00:08:44', '2019-09-04 00:08:44'),
(95, 10, 'Appointment Letter', '1567574171-10-Appointment Letter.pdf', 'documents/10_Fakhar-e-Alam__Bhatti/', 'application/pdf', NULL, NULL, '2019-09-04 00:16:11', '2019-09-04 00:16:11'),
(99, 15, 'Cat-B Order', '1567575249-15-Cat-B Order.pdf', 'documents/15_Nazir__Ahmad/', 'application/pdf', NULL, NULL, '2019-09-04 00:34:09', '2019-09-04 00:34:09'),
(100, 3, 'Appointment Letter', '1568347541-3-Appointment Letter.pdf', 'documents/3_Muhammad_Tahir_Khan/', 'application/pdf', NULL, NULL, '2019-09-13 04:05:41', '2019-09-13 04:05:41'),
(101, 3, 'HR Form', '1568347954-3-HR Form.pdf', 'documents/3_Muhammad_Tahir_Khan/', 'application/pdf', NULL, NULL, '2019-09-13 04:12:34', '2019-09-13 04:12:34'),
(102, 3, 'Office Order for Promotion', '1568349382-3-Office Order for Promotion.jpg', 'documents/3_Muhammad_Tahir_Khan/', 'image/jpeg', NULL, NULL, '2019-09-13 04:36:22', '2019-09-13 04:36:22'),
(104, 18, 'CNIC Front', '1568349822-18-CNIC Front.JPG', 'documents/18_Muhammad_Rafiq_Khan/', 'image/jpeg', NULL, NULL, '2019-09-13 04:43:42', '2019-09-13 04:43:42'),
(105, 18, 'CNIC Back', '1568349834-18-CNIC Back.JPG', 'documents/18_Muhammad_Rafiq_Khan/', 'image/jpeg', NULL, NULL, '2019-09-13 04:43:54', '2019-09-13 04:43:54'),
(106, 18, 'HR Form', '1568872817-18-HR Form.pdf', 'documents/18_Muhammad_Rafiq_Khan/', 'application/pdf', NULL, NULL, '2019-09-13 04:44:28', '2019-09-19 06:00:18'),
(107, 15, 'CNIC Front', '1568350124-15-CNIC Front.JPG', 'documents/15_Nazir__Ahmad/', 'image/jpeg', NULL, NULL, '2019-09-13 04:48:44', '2019-09-13 04:48:44'),
(108, 15, 'HR Form', '1568350142-15-HR Form.pdf', 'documents/15_Nazir__Ahmad/', 'application/pdf', NULL, NULL, '2019-09-13 04:49:02', '2019-09-13 04:49:02'),
(109, 18, 'Appointment Letter', '1568872876-18-Appointment Letter.pdf', 'documents/18_Muhammad_Rafiq_Khan/', 'application/pdf', NULL, '2005-12-31', '2019-09-19 06:01:16', '2019-09-19 06:01:16'),
(111, 20, 'HR Form', '1569218343-20-HR Form.pdf', 'documents/20_Muhammad__Ashraf/', 'application/pdf', NULL, NULL, '2019-09-23 05:59:03', '2019-09-23 05:59:03'),
(112, 20, 'Grade-13', '1569218426-20-Grade-13.pdf', 'documents/20_Muhammad__Ashraf/', 'application/pdf', NULL, NULL, '2019-09-23 06:00:26', '2019-09-23 06:00:26'),
(113, 20, 'Transfer Order', '1569218454-20-Transfer Order.pdf', 'documents/20_Muhammad__Ashraf/', 'application/pdf', NULL, NULL, '2019-09-23 06:00:54', '2019-09-23 06:00:54'),
(114, 20, 'Appointment Letter', '1569226131-20-Appointment Letter.pdf', 'documents/20_Muhammad__Ashraf/', 'application/pdf', NULL, NULL, '2019-09-23 08:08:52', '2019-09-23 08:08:52'),
(115, 20, 'Warning Letter', '1569310564-20-Warning Letter.pdf', 'documents/20_Muhammad__Ashraf/', 'application/pdf', NULL, NULL, '2019-09-24 07:36:05', '2019-09-24 07:36:05'),
(116, 20, 'CNIC Front', '1569310718-20-CNIC Front.JPG', 'documents/20_Muhammad__Ashraf/', 'image/jpeg', NULL, NULL, '2019-09-24 07:38:38', '2019-09-24 07:38:38'),
(117, 22, 'CNIC Front', '1569311765-22-CNIC Front.JPG', 'documents/22_Muhammad__Asif/', 'image/jpeg', NULL, NULL, '2019-09-24 07:56:05', '2019-09-24 07:56:05'),
(118, 22, 'CNIC Back', '1569311784-22-CNIC Back.JPG', 'documents/22_Muhammad__Asif/', 'image/jpeg', NULL, NULL, '2019-09-24 07:56:24', '2019-09-24 07:56:24'),
(119, 22, 'HR Form', '1569311817-22-HR Form.pdf', 'documents/22_Muhammad__Asif/', 'application/pdf', NULL, NULL, '2019-09-24 07:56:57', '2019-09-24 07:56:57'),
(120, 22, 'Appointment Letter', '1569311992-22-Appointment Letter.pdf', 'documents/22_Muhammad__Asif/', 'application/pdf', NULL, NULL, '2019-09-24 07:59:52', '2019-09-24 07:59:52'),
(121, 22, 'Arival Report', '1569312031-22-Arival Report.pdf', 'documents/22_Muhammad__Asif/', 'application/pdf', NULL, NULL, '2019-09-24 08:00:31', '2019-09-24 08:00:31'),
(122, 22, 'Promotion Order', '1569312061-22-Promotion Order.pdf', 'documents/22_Muhammad__Asif/', 'application/pdf', NULL, NULL, '2019-09-24 08:01:01', '2019-09-24 08:01:01'),
(123, 22, 'Driving License', '1569314090-22-Driving License.pdf', 'documents/22_Muhammad__Asif/', 'application/pdf', NULL, NULL, '2019-09-24 08:34:50', '2019-09-24 08:34:50'),
(124, 19, 'HR Form', '1569323385-19-HR Form.pdf', 'documents/19_Noman__Ahmad/', 'application/pdf', NULL, NULL, '2019-09-24 11:09:46', '2019-09-24 11:09:46'),
(125, 19, 'Warning Letter', '1569323409-19-Warning Letter.pdf', 'documents/19_Noman__Ahmad/', 'application/pdf', NULL, NULL, '2019-09-24 11:10:10', '2019-09-24 11:10:10'),
(126, 19, 'CNIC Front', '1569323500-19-CNIC Front.JPG', 'documents/19_Noman__Ahmad/', 'image/jpeg', NULL, NULL, '2019-09-24 11:11:40', '2019-09-24 11:11:40'),
(127, 19, 'Cat-B Order', '1569323586-19-Cat-B Order.pdf', 'documents/19_Noman__Ahmad/', 'application/pdf', NULL, NULL, '2019-09-24 11:13:06', '2019-09-24 11:13:06'),
(131, 21, 'Appointment Letter', '1569388391-21-Appointment Letter.jpg', 'documents/21_Zamir__Abbas/', 'image/jpeg', NULL, NULL, '2019-09-25 05:13:13', '2019-09-25 05:13:13'),
(132, 21, 'HR Form', '1569388413-21-HR Form.pdf', 'documents/21_Zamir__Abbas/', 'application/pdf', NULL, NULL, '2019-09-25 05:13:33', '2019-09-25 05:13:33'),
(133, 21, 'Regular Cat Memo', '1569388452-21-Regular Cat Memo.pdf', 'documents/21_Zamir__Abbas/', 'application/pdf', NULL, NULL, '2019-09-25 05:14:12', '2019-09-25 05:14:12'),
(134, 11, 'HR Form', '1569388816-11-HR Form.pdf', 'documents/11_Muhammad__Rasheed/', 'application/pdf', NULL, NULL, '2019-09-25 05:20:17', '2019-09-25 05:20:17'),
(135, 25, 'CNIC Front', '1569908017-25-CNIC Front.JPG', 'documents/25_Muhammad__Javed/', 'image/jpeg', NULL, NULL, '2019-10-01 05:33:37', '2019-10-01 05:33:37'),
(136, 25, 'CNIC Back', '1569908031-25-CNIC Back.JPG', 'documents/25_Muhammad__Javed/', 'image/jpeg', NULL, NULL, '2019-10-01 05:33:51', '2019-10-01 05:33:51'),
(137, 25, 'HR Form', '1569908061-25-HR Form.pdf', 'documents/25_Muhammad__Javed/', 'application/pdf', NULL, NULL, '2019-10-01 05:34:21', '2019-10-01 05:34:21'),
(138, 25, '2 pages Appointment Letter', '1569908095-25-2 pages Appointment Letter.pdf', 'documents/25_Muhammad__Javed/', 'application/pdf', NULL, NULL, '2019-10-01 05:34:55', '2019-10-01 05:34:55'),
(139, 25, '1-Page Apointment Letter', '1569908126-25-1-Page Apointment Letter.pdf', 'documents/25_Muhammad__Javed/', 'application/pdf', NULL, NULL, '2019-10-01 05:35:26', '2019-10-01 05:35:26'),
(140, 25, 'Joining Report', '1569908153-25-Joining Report.pdf', 'documents/25_Muhammad__Javed/', 'application/pdf', NULL, NULL, '2019-10-01 05:35:53', '2019-10-01 05:35:53'),
(141, 23, 'CNIC Front', '1569908772-23-CNIC Front.JPG', 'documents/23_Muhammad__Sultan/', 'image/jpeg', NULL, NULL, '2019-10-01 05:46:13', '2019-10-01 05:46:13'),
(142, 23, 'Appointment Letter', '1569908794-23-Appointment Letter.pdf', 'documents/23_Muhammad__Sultan/', 'application/pdf', NULL, NULL, '2019-10-01 05:46:34', '2019-10-01 05:46:34'),
(143, 23, 'Joining Report', '1569908832-23-Joining Report.pdf', 'documents/23_Muhammad__Sultan/', 'application/pdf', NULL, NULL, '2019-10-01 05:47:12', '2019-10-01 05:47:12'),
(144, 23, 'Promotion Order', '1569908852-23-Promotion Order.pdf', 'documents/23_Muhammad__Sultan/', 'application/pdf', NULL, NULL, '2019-10-01 05:47:33', '2019-10-01 05:47:33'),
(145, 23, 'HR Form', '1569909044-23-HR Form.pdf', 'documents/23_Muhammad__Sultan/', 'application/pdf', NULL, NULL, '2019-10-01 05:50:44', '2019-10-01 05:50:44'),
(146, 24, 'CNIC Front', '1569910428-24-CNIC Front.JPG', 'documents/24_Muhammad__Waqas/', 'image/jpeg', NULL, NULL, '2019-10-01 06:13:49', '2019-10-01 06:13:49'),
(147, 24, 'CNIC Back', '1569910445-24-CNIC Back.JPG', 'documents/24_Muhammad__Waqas/', 'image/jpeg', NULL, NULL, '2019-10-01 06:14:05', '2019-10-01 06:14:05'),
(149, 24, 'HR Form', '1569912998-24-HR Form.pdf', 'documents/24_Muhammad__Waqas/', 'application/pdf', NULL, NULL, '2019-10-01 06:56:39', '2019-10-01 06:56:39'),
(152, 24, 'HR Form', '1569913147-24-HR Form.pdf', 'documents/24_Muhammad__Waqas/', 'application/pdf', NULL, NULL, '2019-10-01 06:59:08', '2019-10-01 06:59:08'),
(154, 26, 'CNIC Front', '1569913849-26-CNIC Front.JPG', 'documents/26_Waqar__Ahmad/', 'image/jpeg', NULL, NULL, '2019-10-01 07:10:49', '2019-10-01 07:10:49'),
(155, 26, 'CNIC Back', '1569913872-26-CNIC Back.JPG', 'documents/26_Waqar__Ahmad/', 'image/jpeg', NULL, NULL, '2019-10-01 07:11:12', '2019-10-01 07:11:12'),
(156, 26, 'Appointment Letter', '1569913967-26-Appointment Letter.pdf', 'documents/26_Waqar__Ahmad/', 'application/pdf', NULL, NULL, '2019-10-01 07:12:48', '2019-10-01 07:12:48'),
(157, 26, 'HR Form', '1569914099-26-HR Form.pdf', 'documents/26_Waqar__Ahmad/', 'application/pdf', NULL, NULL, '2019-10-01 07:14:59', '2019-10-01 07:14:59'),
(158, 26, 'Joining Report', '1569914138-26-Joining Report.pdf', 'documents/26_Waqar__Ahmad/', 'application/pdf', NULL, NULL, '2019-10-01 07:15:38', '2019-10-01 07:15:38'),
(160, 3, 'CNIC Front', '1570075080-3-CNIC Front.jpg', 'documents/3_Muhammad_Tahir_Khan/', 'image/jpeg', NULL, NULL, '2019-10-03 03:58:00', '2019-10-03 03:58:00'),
(161, 3, 'CNIC Back', '1570087934-3-CNIC Back.jpg', 'documents/3_Muhammad_Tahir_Khan/', 'image/jpeg', NULL, NULL, '2019-10-03 03:58:11', '2019-10-03 07:32:14'),
(162, 28, 'HR Form', '1570508781-28-HR Form.pdf', 'documents/28_Abdul Majid__Rafi/', 'application/pdf', NULL, NULL, '2019-10-08 04:26:22', '2019-10-08 04:26:22'),
(163, 28, 'Promotion Orders', '1570508817-28-Promotion Orders.pdf', 'documents/28_Abdul Majid__Rafi/', 'application/pdf', NULL, NULL, '2019-10-08 04:26:57', '2019-10-08 04:26:57'),
(164, 28, 'Appointment Letter', '1570509513-28-Appointment Letter.jpg', 'documents/28_Abdul Majid__Rafi/', 'image/jpeg', NULL, NULL, '2019-10-08 04:38:33', '2019-10-08 04:38:33'),
(165, 28, 'CNIC Front', '1570509532-28-CNIC Front.JPG', 'documents/28_Abdul Majid__Rafi/', 'image/jpeg', NULL, NULL, '2019-10-08 04:38:52', '2019-10-08 04:38:52'),
(166, 28, 'Joining Report', '1570509550-28-Joining Report.jpg', 'documents/28_Abdul Majid__Rafi/', 'image/jpeg', NULL, NULL, '2019-10-08 04:39:10', '2019-10-08 04:39:10'),
(167, 27, 'CNIC Front', '1570511209-27-CNIC Front.JPG', 'documents/27_Malik_Zulfiqar_Ali/', 'image/jpeg', NULL, NULL, '2019-10-08 05:06:49', '2019-10-08 05:06:49'),
(168, 27, 'CNIC Back', '1570511225-27-CNIC Back.JPG', 'documents/27_Malik_Zulfiqar_Ali/', 'image/jpeg', NULL, NULL, '2019-10-08 05:07:05', '2019-10-08 05:07:05'),
(169, 27, 'Appointment Letter', '1570511250-27-Appointment Letter.pdf', 'documents/27_Malik_Zulfiqar_Ali/', 'application/pdf', NULL, NULL, '2019-10-08 05:07:30', '2019-10-08 05:07:30'),
(170, 27, 'HR Form', '1570511286-27-HR Form.pdf', 'documents/27_Malik_Zulfiqar_Ali/', 'application/pdf', NULL, NULL, '2019-10-08 05:08:06', '2019-10-08 05:08:06'),
(171, 29, 'CNIC Front', '1571998160-29-CNIC Front.JPG', 'documents/29_Ch._Muhammad_Khalil/', 'image/jpeg', NULL, NULL, '2019-10-25 10:09:22', '2019-10-25 10:09:22'),
(172, 29, 'CNIC Back', '1571998188-29-CNIC Back.JPG', 'documents/29_Ch._Muhammad_Khalil/', 'image/jpeg', NULL, NULL, '2019-10-25 10:09:48', '2019-10-25 10:09:48'),
(173, 29, 'HR Form', '1571998335-29-HR Form.pdf', 'documents/29_Ch._Muhammad_Khalil/', 'application/pdf', NULL, NULL, '2019-10-25 10:12:15', '2019-10-25 10:12:15'),
(174, 29, 'Appointment Letter', '1571998356-29-Appointment Letter.pdf', 'documents/29_Ch._Muhammad_Khalil/', 'application/pdf', NULL, NULL, '2019-10-25 10:12:37', '2019-10-25 10:12:37'),
(175, 29, 'Promotion in Grade-10', '1571998479-29-Promotion in Grade-10.pdf', 'documents/29_Ch._Muhammad_Khalil/', 'application/pdf', NULL, NULL, '2019-10-25 10:14:39', '2019-10-25 10:14:39'),
(176, 39, 'CNIC Front', '1571998638-39-CNIC Front.JPG', 'documents/39_Hafiz_Hashim_Khan/', 'image/jpeg', NULL, NULL, '2019-10-25 10:17:18', '2019-10-25 10:17:18'),
(177, 39, 'CNIC Back', '1571998657-39-CNIC Back.JPG', 'documents/39_Hafiz_Hashim_Khan/', 'image/jpeg', NULL, NULL, '2019-10-25 10:17:37', '2019-10-25 10:17:37'),
(178, 39, 'HR Form', '1571998685-39-HR Form.pdf', 'documents/39_Hafiz_Hashim_Khan/', 'application/pdf', NULL, NULL, '2019-10-25 10:18:05', '2019-10-25 10:18:05'),
(179, 39, 'Transfer Order', '1571998869-39-Transfer Order.jpg', 'documents/39_Hafiz_Hashim_Khan/', 'image/jpeg', NULL, NULL, '2019-10-25 10:21:09', '2019-10-25 10:21:09'),
(180, 39, 'Promotion Request', '1571999080-39-Promotion Request.pdf', 'documents/39_Hafiz_Hashim_Khan/', 'application/pdf', NULL, NULL, '2019-10-25 10:24:40', '2019-10-25 10:24:40'),
(181, 34, 'CNIC Front', '1571999476-34-CNIC Front.JPG', 'documents/34_Iftikhar_Ahmad_Khan/', 'image/jpeg', NULL, NULL, '2019-10-25 10:31:16', '2019-10-25 10:31:16'),
(182, 34, 'CNIC Back', '1571999517-34-CNIC Back.JPG', 'documents/34_Iftikhar_Ahmad_Khan/', 'image/jpeg', NULL, NULL, '2019-10-25 10:31:57', '2019-10-25 10:31:57'),
(183, 34, 'HR Form', '1571999572-34-HR Form.pdf', 'documents/34_Iftikhar_Ahmad_Khan/', 'application/pdf', NULL, NULL, '2019-10-25 10:32:52', '2019-10-25 10:32:52'),
(184, 34, 'Appointment Letter', '1571999625-34-Appointment Letter.pdf', 'documents/34_Iftikhar_Ahmad_Khan/', 'application/pdf', NULL, NULL, '2019-10-25 10:33:45', '2019-10-25 10:33:45'),
(185, 40, 'CNIC Front', '1572002642-40-CNIC Front.JPG', 'documents/40_Imtiaz__Khan/', 'image/jpeg', NULL, NULL, '2019-10-25 11:24:03', '2019-10-25 11:24:03'),
(186, 40, 'CNIC Back', '1572002672-40-CNIC Back.JPG', 'documents/40_Imtiaz__Khan/', 'image/jpeg', NULL, NULL, '2019-10-25 11:24:32', '2019-10-25 11:24:32'),
(187, 40, 'Appointment Letter', '1572002699-40-Appointment Letter.pdf', 'documents/40_Imtiaz__Khan/', 'application/pdf', NULL, NULL, '2019-10-25 11:24:59', '2019-10-25 11:24:59'),
(188, 40, 'HR Form', '1572002810-40-HR Form.pdf', 'documents/40_Imtiaz__Khan/', 'application/pdf', NULL, NULL, '2019-10-25 11:26:50', '2019-10-25 11:26:50'),
(189, 40, 'Transfer Order', '1572002958-40-Transfer Order.pdf', 'documents/40_Imtiaz__Khan/', 'application/pdf', NULL, NULL, '2019-10-25 11:29:18', '2019-10-25 11:29:18'),
(190, 40, 'Joining Report', '1572002990-40-Joining Report.pdf', 'documents/40_Imtiaz__Khan/', 'application/pdf', NULL, NULL, '2019-10-25 11:29:50', '2019-10-25 11:29:50'),
(191, 40, 'Promotion Case', '1572003068-40-Promotion Case.pdf', 'documents/40_Imtiaz__Khan/', 'application/pdf', NULL, NULL, '2019-10-25 11:31:08', '2019-10-25 11:31:08'),
(192, 40, 'Appreciation Letter', '1572003372-40-Appreciation Letter.pdf', 'documents/40_Imtiaz__Khan/', 'application/pdf', NULL, NULL, '2019-10-25 11:36:12', '2019-10-25 11:36:12'),
(193, 35, 'CNIC Front', '1572004312-35-CNIC Front.JPG', 'documents/35_Jamshaid__Siddiqui/', 'image/jpeg', NULL, NULL, '2019-10-25 11:51:52', '2019-10-25 11:51:52'),
(194, 35, 'HR Form', '1572004358-35-HR Form.pdf', 'documents/35_Jamshaid__Siddiqui/', 'application/pdf', NULL, NULL, '2019-10-25 11:52:38', '2019-10-25 11:52:38'),
(195, 35, 'Promotion Order', '1572004404-35-Promotion Order.pdf', 'documents/35_Jamshaid__Siddiqui/', 'application/pdf', NULL, NULL, '2019-10-25 11:53:24', '2019-10-25 11:53:24'),
(196, 35, 'Arrival in Head Office', '1572004452-35-Arrival in Head Office.pdf', 'documents/35_Jamshaid__Siddiqui/', 'application/pdf', NULL, NULL, '2019-10-25 11:54:12', '2019-10-25 11:54:12'),
(197, 35, 'Transfer Order', '1572004497-35-Transfer Order.pdf', 'documents/35_Jamshaid__Siddiqui/', 'application/pdf', NULL, NULL, '2019-10-25 11:54:57', '2019-10-25 11:54:57'),
(198, 39, 'Appointment Letter', '1572238575-39-Appointment Letter.pdf', 'documents/39_Hafiz_Hashim_Khan/', 'application/pdf', NULL, NULL, '2019-10-28 04:56:15', '2019-10-28 04:56:15'),
(199, 20, 'Joining Report', '1572240032-20-Joining Report.pdf', 'documents/20_Muhammad__Ashraf/', 'application/pdf', NULL, NULL, '2019-10-28 05:20:32', '2019-10-28 05:20:32'),
(200, 38, 'CNIC Front', '1572241156-38-CNIC Front.JPG', 'documents/38_Shafiqur__Rehman/', 'image/jpeg', NULL, NULL, '2019-10-28 05:39:17', '2019-10-28 05:39:17'),
(201, 38, 'CNIC Back', '1572241219-38-CNIC Back.JPG', 'documents/38_Shafiqur__Rehman/', 'image/jpeg', NULL, NULL, '2019-10-28 05:40:19', '2019-10-28 05:40:19'),
(202, 38, 'Appointment Letter', '1572241239-38-Appointment Letter.pdf', 'documents/38_Shafiqur__Rehman/', 'application/pdf', NULL, NULL, '2019-10-28 05:40:39', '2019-10-28 05:40:39'),
(203, 38, 'HR Form', '1572241260-38-HR Form.pdf', 'documents/38_Shafiqur__Rehman/', 'application/pdf', NULL, NULL, '2019-10-28 05:41:00', '2019-10-28 05:41:00'),
(204, 38, 'Promotion Order', '1572241312-38-Promotion Order.pdf', 'documents/38_Shafiqur__Rehman/', 'application/pdf', NULL, NULL, '2019-10-28 05:41:52', '2019-10-28 05:41:52'),
(205, 36, 'CNIC Front', '1572241801-36-CNIC Front.JPG', 'documents/36_Syed_Azhar_Ali Shah/', 'image/jpeg', NULL, NULL, '2019-10-28 05:50:01', '2019-10-28 05:50:01'),
(206, 36, 'CNIC Back', '1572241814-36-CNIC Back.JPG', 'documents/36_Syed_Azhar_Ali Shah/', 'image/jpeg', NULL, NULL, '2019-10-28 05:50:14', '2019-10-28 05:50:14'),
(207, 36, 'Appointment Letter', '1572241848-36-Appointment Letter.pdf', 'documents/36_Syed_Azhar_Ali Shah/', 'application/pdf', NULL, NULL, '2019-10-28 05:50:49', '2019-10-28 05:50:49'),
(208, 36, 'HR Form', '1572241886-36-HR Form.pdf', 'documents/36_Syed_Azhar_Ali Shah/', 'application/pdf', NULL, NULL, '2019-10-28 05:51:26', '2019-10-28 05:51:26'),
(209, 36, 'Transfer Order', '1572241949-36-Transfer Order.pdf', 'documents/36_Syed_Azhar_Ali Shah/', 'application/pdf', NULL, NULL, '2019-10-28 05:52:29', '2019-10-28 05:52:29'),
(210, 36, 'Promotion', '1572241997-36-Promotion.pdf', 'documents/36_Syed_Azhar_Ali Shah/', 'application/pdf', NULL, NULL, '2019-10-28 05:53:17', '2019-10-28 05:53:17'),
(211, 37, 'CNIC Front', '1572248706-37-CNIC Front.JPG', 'documents/37_Shahbaz__Sindhu/', 'image/jpeg', NULL, NULL, '2019-10-28 07:45:07', '2019-10-28 07:45:07'),
(212, 37, 'CNIC Back', '1572248723-37-CNIC Back.JPG', 'documents/37_Shahbaz__Sindhu/', 'image/jpeg', NULL, NULL, '2019-10-28 07:45:23', '2019-10-28 07:45:23'),
(213, 37, 'Appointment Letter', '1572248749-37-Appointment Letter.pdf', 'documents/37_Shahbaz__Sindhu/', 'application/pdf', NULL, NULL, '2019-10-28 07:45:49', '2019-10-28 07:45:49'),
(214, 37, 'HR Form', '1572248801-37-HR Form.pdf', 'documents/37_Shahbaz__Sindhu/', 'application/pdf', NULL, NULL, '2019-10-28 07:46:41', '2019-10-28 07:46:41'),
(216, 37, 'Promotion Request', '1572248892-37-Promotion Request.pdf', 'documents/37_Shahbaz__Sindhu/', 'application/pdf', NULL, NULL, '2019-10-28 07:48:12', '2019-10-28 07:48:12'),
(218, 37, 'Driving Licence', '1572249028-37-Driving Licence.pdf', 'documents/37_Shahbaz__Sindhu/', 'application/pdf', NULL, NULL, '2019-10-28 07:50:28', '2019-10-28 07:50:28'),
(219, 24, 'Grade-6', '1572255059-24-Grade-6.pdf', 'documents/24_Muhammad__Waqas/', 'application/pdf', NULL, NULL, '2019-10-28 09:31:00', '2019-10-28 09:31:00'),
(220, 24, 'Grade-7', '1572255087-24-Grade-7.pdf', 'documents/24_Muhammad__Waqas/', 'application/pdf', NULL, NULL, '2019-10-28 09:31:27', '2019-10-28 09:31:27'),
(221, 24, 'Grade-8', '1572255122-24-Grade-8.pdf', 'documents/24_Muhammad__Waqas/', 'application/pdf', NULL, NULL, '2019-10-28 09:32:02', '2019-10-28 09:32:02'),
(222, 33, 'CNIC Front', '1572255652-33-CNIC Front.JPG', 'documents/33_Muhammad__Khaliq/', 'image/jpeg', NULL, NULL, '2019-10-28 09:40:52', '2019-10-28 09:40:52'),
(223, 33, 'CNIC Back', '1572255668-33-CNIC Back.JPG', 'documents/33_Muhammad__Khaliq/', 'image/jpeg', NULL, NULL, '2019-10-28 09:41:08', '2019-10-28 09:41:08'),
(224, 33, 'Appointment Letter', '1572255702-33-Appointment Letter.pdf', 'documents/33_Muhammad__Khaliq/', 'application/pdf', NULL, NULL, '2019-10-28 09:41:42', '2019-10-28 09:41:42'),
(225, 33, 'HR Form', '1572255791-33-HR Form.pdf', 'documents/33_Muhammad__Khaliq/', 'application/pdf', NULL, NULL, '2019-10-28 09:43:11', '2019-10-28 09:43:11'),
(226, 33, 'Joining Report', '1572255821-33-Joining Report.pdf', 'documents/33_Muhammad__Khaliq/', 'application/pdf', NULL, NULL, '2019-10-28 09:43:41', '2019-10-28 09:43:41'),
(227, 33, 'Reg. Cat-A', '1572255856-33-Reg. Cat-A.pdf', 'documents/33_Muhammad__Khaliq/', 'application/pdf', NULL, NULL, '2019-10-28 09:44:16', '2019-10-28 09:44:16'),
(228, 33, 'CV', '1572256081-33-CV.pdf', 'documents/33_Muhammad__Khaliq/', 'application/pdf', NULL, NULL, '2019-10-28 09:48:01', '2019-10-28 09:48:01'),
(229, 18, 'Complaint', '1572258871-18-Complaint.pdf', 'documents/18_Muhammad_Rafiq_Khan/', 'application/pdf', NULL, NULL, '2019-10-28 10:34:32', '2019-10-28 10:34:32'),
(230, 18, 'Explanation Reply', '1572258910-18-Explanation Reply.pdf', 'documents/18_Muhammad_Rafiq_Khan/', 'application/pdf', NULL, NULL, '2019-10-28 10:35:10', '2019-10-28 10:35:10'),
(231, 13, 'Appointment Letter', '1572259676-13-Appointment Letter.pdf', 'documents/13_Muhammad__Taufeeq/', 'application/pdf', NULL, NULL, '2019-10-28 10:47:56', '2019-10-28 10:47:56'),
(232, 13, 'HR Form', '1572259700-13-HR Form.pdf', 'documents/13_Muhammad__Taufeeq/', 'application/pdf', NULL, NULL, '2019-10-28 10:48:20', '2019-10-28 10:48:20'),
(233, 13, 'Joining Report', '1572259742-13-Joining Report.pdf', 'documents/13_Muhammad__Taufeeq/', 'application/pdf', NULL, NULL, '2019-10-28 10:49:02', '2019-10-28 10:49:02'),
(234, 13, 'Arrival After Leave', '1572259801-13-Arrival After Leave.pdf', 'documents/13_Muhammad__Taufeeq/', 'application/pdf', NULL, NULL, '2019-10-28 10:50:01', '2019-10-28 10:50:01'),
(235, 13, 'Promotion & Leave Orders', '1572259843-13-Promotion & Leave Orders.pdf', 'documents/13_Muhammad__Taufeeq/', 'application/pdf', NULL, NULL, '2019-10-28 10:50:43', '2019-10-28 10:50:43'),
(236, 41, 'CNIC Front', '1572584190-41-CNIC Front.JPG', 'documents/41_Inayat__Ullah/', 'image/jpeg', NULL, NULL, '2019-11-01 04:56:30', '2019-11-01 04:56:30'),
(237, 41, 'CNIC Back', '1572584221-41-CNIC Back.JPG', 'documents/41_Inayat__Ullah/', 'image/jpeg', NULL, NULL, '2019-11-01 04:57:01', '2019-11-01 04:57:01'),
(238, 41, 'Appointment Letter', '1572584283-41-Appointment Letter.pdf', 'documents/41_Inayat__Ullah/', 'application/pdf', NULL, NULL, '2019-11-01 04:58:03', '2019-11-01 04:58:03'),
(239, 41, 'HR Form', '1572585127-41-HR Form.pdf', 'documents/41_Inayat__Ullah/', 'application/pdf', NULL, NULL, '2019-11-01 05:12:07', '2019-11-01 05:12:07'),
(240, 41, 'Joining Report', '1572585830-41-Joining Report.pdf', 'documents/41_Inayat__Ullah/', 'application/pdf', NULL, NULL, '2019-11-01 05:23:50', '2019-11-01 05:23:50'),
(241, 48, 'CNIC Front', '1572587959-48-CNIC Front.JPG', 'documents/48_Dubeer__Hussain/', 'image/jpeg', NULL, NULL, '2019-11-01 05:59:19', '2019-11-01 05:59:19'),
(242, 48, 'CNIC Back', '1572587973-48-CNIC Back.JPG', 'documents/48_Dubeer__Hussain/', 'image/jpeg', NULL, NULL, '2019-11-01 05:59:33', '2019-11-01 05:59:33'),
(243, 48, 'HR Form', '1572587998-48-HR Form.pdf', 'documents/48_Dubeer__Hussain/', 'application/pdf', NULL, NULL, '2019-11-01 05:59:58', '2019-11-01 05:59:58'),
(244, 48, 'Complaint', '1572588062-48-Complaint.pdf', 'documents/48_Dubeer__Hussain/', 'application/pdf', NULL, NULL, '2019-11-01 06:01:02', '2019-11-01 06:01:02'),
(245, 43, 'Appointment Letter', '1572588897-43-Appointment Letter.pdf', 'documents/43_Mehmood__Iqbal/', 'application/pdf', NULL, NULL, '2019-11-01 06:14:57', '2019-11-01 06:14:57'),
(246, 43, 'HR Form', '1572588915-43-HR Form.pdf', 'documents/43_Mehmood__Iqbal/', 'application/pdf', NULL, NULL, '2019-11-01 06:15:15', '2019-11-01 06:15:15'),
(247, 43, 'Arrival after medical leave', '1572588962-43-Arrival after medical leave.pdf', 'documents/43_Mehmood__Iqbal/', 'application/pdf', NULL, NULL, '2019-11-01 06:16:02', '2019-11-01 06:16:02'),
(248, 43, 'leave-1', '1572589140-43-leave-1.pdf', 'documents/43_Mehmood__Iqbal/', 'application/pdf', NULL, NULL, '2019-11-01 06:19:00', '2019-11-01 06:19:00'),
(249, 43, 'leave-2', '1572589166-43-leave-2.pdf', 'documents/43_Mehmood__Iqbal/', 'application/pdf', NULL, NULL, '2019-11-01 06:19:26', '2019-11-01 06:19:26'),
(250, 43, 'leave-3', '1572589195-43-leave-3.pdf', 'documents/43_Mehmood__Iqbal/', 'application/pdf', NULL, NULL, '2019-11-01 06:19:56', '2019-11-01 06:19:56'),
(251, 43, 'leave-4', '1572589221-43-leave-4.pdf', 'documents/43_Mehmood__Iqbal/', 'application/pdf', NULL, NULL, '2019-11-01 06:20:21', '2019-11-01 06:20:21'),
(252, 43, 'Promotion', '1572589246-43-Promotion.pdf', 'documents/43_Mehmood__Iqbal/', 'application/pdf', NULL, NULL, '2019-11-01 06:20:47', '2019-11-01 06:20:47'),
(253, 43, 'CNIC Front', '1572589327-43-CNIC Front.JPG', 'documents/43_Mehmood__Iqbal/', 'image/jpeg', NULL, NULL, '2019-11-01 06:22:07', '2019-11-01 06:22:07'),
(254, 43, 'CNIC Back', '1572589358-43-CNIC Back.JPG', 'documents/43_Mehmood__Iqbal/', 'image/jpeg', NULL, NULL, '2019-11-01 06:22:38', '2019-11-01 06:22:38'),
(255, 30, 'CNIC Front', '1572601796-30-CNIC Front.JPG', 'documents/30_Muhammad_Hafeez_Minhas/', 'image/jpeg', NULL, NULL, '2019-11-01 09:49:57', '2019-11-01 09:49:57'),
(256, 30, 'CNIC Back', '1572601827-30-CNIC Back.JPG', 'documents/30_Muhammad_Hafeez_Minhas/', 'image/jpeg', NULL, NULL, '2019-11-01 09:50:27', '2019-11-01 09:50:27'),
(257, 30, 'HR Form', '1572601915-30-HR Form.pdf', 'documents/30_Muhammad_Hafeez_Minhas/', 'application/pdf', NULL, NULL, '2019-11-01 09:51:55', '2019-11-01 09:51:55'),
(258, 30, 'Appointment Letter', '1572601942-30-Appointment Letter.pdf', 'documents/30_Muhammad_Hafeez_Minhas/', 'application/pdf', NULL, NULL, '2019-11-01 09:52:22', '2019-11-01 09:52:22'),
(259, 30, 'Appointment Letter-2', '1572601977-30-Appointment Letter-2.pdf', 'documents/30_Muhammad_Hafeez_Minhas/', 'application/pdf', NULL, NULL, '2019-11-01 09:52:57', '2019-11-01 09:52:57'),
(260, 46, 'Appointment Letter', '1572602432-46-Appointment Letter.pdf', 'documents/46_Mirza_Nadeem_Baig/', 'application/pdf', NULL, NULL, '2019-11-01 10:00:32', '2019-11-01 10:00:32'),
(261, 46, 'HR Form', '1572602557-46-HR Form.pdf', 'documents/46_Mirza_Nadeem_Baig/', 'application/pdf', NULL, NULL, '2019-11-01 10:02:37', '2019-11-01 10:02:37'),
(262, 46, 'Transfer Orders', '1572602606-46-Transfer Orders.pdf', 'documents/46_Mirza_Nadeem_Baig/', 'application/pdf', NULL, NULL, '2019-11-01 10:03:26', '2019-11-01 10:03:26'),
(263, 46, 'CNIC Front', '1572603120-46-CNIC Front.JPG', 'documents/46_Mirza_Nadeem_Baig/', 'image/jpeg', NULL, NULL, '2019-11-01 10:12:00', '2019-11-01 10:12:00'),
(264, 46, 'CNIC Back', '1572603137-46-CNIC Back.JPG', 'documents/46_Mirza_Nadeem_Baig/', 'image/jpeg', NULL, NULL, '2019-11-01 10:12:17', '2019-11-01 10:12:17'),
(265, 47, 'CNIC Front', '1572603492-47-CNIC Front.JPG', 'documents/47_Muhammad__Jamil/', 'image/jpeg', NULL, NULL, '2019-11-01 10:18:12', '2019-11-01 10:18:12'),
(266, 42, 'CNIC Front', '1572842683-42-CNIC Front.JPG', 'documents/42_Altaf_Hussain_Bhatti/', 'image/jpeg', NULL, NULL, '2019-11-04 04:44:43', '2019-11-04 04:44:43'),
(267, 42, 'CNIC Back', '1572842698-42-CNIC Back.JPG', 'documents/42_Altaf_Hussain_Bhatti/', 'image/jpeg', NULL, NULL, '2019-11-04 04:44:58', '2019-11-04 04:44:58'),
(268, 42, 'Appointment Letter', '1572842739-42-Appointment Letter.pdf', 'documents/42_Altaf_Hussain_Bhatti/', 'application/pdf', NULL, NULL, '2019-11-04 04:45:39', '2019-11-04 04:45:39'),
(269, 42, 'HR Form', '1572842766-42-HR Form.pdf', 'documents/42_Altaf_Hussain_Bhatti/', 'application/pdf', NULL, NULL, '2019-11-04 04:46:06', '2019-11-04 04:46:06'),
(270, 42, 'Joining Report', '1572842795-42-Joining Report.pdf', 'documents/42_Altaf_Hussain_Bhatti/', 'application/pdf', NULL, NULL, '2019-11-04 04:46:35', '2019-11-04 04:46:35'),
(271, 59, 'CNIC Front', '1573623355-59-CNIC Front.JPG', 'documents/59_Muhammad__Nawaz/', 'image/jpeg', NULL, NULL, '2019-11-13 05:35:56', '2019-11-13 05:35:56'),
(272, 59, 'CNIC Back', '1573623427-59-CNIC Back.JPG', 'documents/59_Muhammad__Nawaz/', 'image/jpeg', NULL, NULL, '2019-11-13 05:37:07', '2019-11-13 05:37:07'),
(273, 59, 'HR Form', '1573623533-59-HR Form.pdf', 'documents/59_Muhammad__Nawaz/', 'application/pdf', NULL, NULL, '2019-11-13 05:38:54', '2019-11-13 05:38:54'),
(274, 59, 'Appointment Letter', '1573623694-59-Appointment Letter.pdf', 'documents/59_Muhammad__Nawaz/', 'application/pdf', NULL, NULL, '2019-11-13 05:41:34', '2019-11-13 05:41:34'),
(275, 59, 'Cat-a approval-1', '1573623741-59-Cat-a approval-1.pdf', 'documents/59_Muhammad__Nawaz/', 'application/pdf', NULL, NULL, '2019-11-13 05:42:21', '2019-11-13 05:42:21'),
(276, 59, 'Cat-A Approval-2', '1573623783-59-Cat-A Approval-2.pdf', 'documents/59_Muhammad__Nawaz/', 'application/pdf', NULL, NULL, '2019-11-13 05:43:03', '2019-11-13 05:43:03'),
(277, 50, 'CNIC Front', '1573705156-50-CNIC Front.JPG', 'documents/50_Zamir_Hussain_Shad/', 'image/jpeg', NULL, NULL, '2019-11-14 04:19:17', '2019-11-14 04:19:17'),
(278, 50, 'CNIC Back', '1573705170-50-CNIC Back.JPG', 'documents/50_Zamir_Hussain_Shad/', 'image/jpeg', NULL, NULL, '2019-11-14 04:19:30', '2019-11-14 04:19:30'),
(279, 50, 'HR Form', '1573705190-50-HR Form.pdf', 'documents/50_Zamir_Hussain_Shad/', 'application/pdf', NULL, NULL, '2019-11-14 04:19:50', '2019-11-14 04:19:50'),
(280, 50, 'Promotion G-03', '1573705256-50-Promotion G-03.pdf', 'documents/50_Zamir_Hussain_Shad/', 'application/pdf', NULL, NULL, '2019-11-14 04:20:56', '2019-11-14 04:20:56'),
(281, 49, 'CNIC Front', '1573706002-49-CNIC Front.JPG', 'documents/49_Fayyaz_Mehmood_Karimi/', 'image/jpeg', NULL, NULL, '2019-11-14 04:33:22', '2019-11-14 04:33:22'),
(282, 49, 'CNIC Back', '1573706016-49-CNIC Back.JPG', 'documents/49_Fayyaz_Mehmood_Karimi/', 'image/jpeg', NULL, NULL, '2019-11-14 04:33:36', '2019-11-14 04:33:36'),
(283, 49, 'HR Form', '1573706036-49-HR Form.pdf', 'documents/49_Fayyaz_Mehmood_Karimi/', 'application/pdf', NULL, NULL, '2019-11-14 04:33:56', '2019-11-14 04:33:56'),
(284, 49, 'Promoation Cat-A', '1573706089-49-Promoation Cat-A.pdf', 'documents/49_Fayyaz_Mehmood_Karimi/', 'application/pdf', NULL, NULL, '2019-11-14 04:34:49', '2019-11-14 04:34:49'),
(286, 17, 'Transfer Order-1', '1573706761-17-Transfer Order-1.pdf', 'documents/17_Naveed__Anwar/', 'application/pdf', NULL, NULL, '2019-11-14 04:46:02', '2019-11-14 04:46:02'),
(287, 17, 'Transfer Order-2', '1573706799-17-Transfer Order-2.pdf', 'documents/17_Naveed__Anwar/', 'application/pdf', NULL, NULL, '2019-11-14 04:46:39', '2019-11-14 04:46:39'),
(288, 52, 'CNIC Front', '1573707757-52-CNIC Front.JPG', 'documents/52_Muhammad_Ashraf_Bhatti/', 'image/jpeg', NULL, NULL, '2019-11-14 05:02:37', '2019-11-14 05:02:37'),
(289, 52, 'CNIC Back', '1573707773-52-CNIC Back.JPG', 'documents/52_Muhammad_Ashraf_Bhatti/', 'image/jpeg', NULL, NULL, '2019-11-14 05:02:53', '2019-11-14 05:02:53'),
(290, 52, 'HR Form', '1573707789-52-HR Form.pdf', 'documents/52_Muhammad_Ashraf_Bhatti/', 'application/pdf', NULL, NULL, '2019-11-14 05:03:09', '2019-11-14 05:03:09'),
(291, 52, 'Appointment Letter', '1573707813-52-Appointment Letter.pdf', 'documents/52_Muhammad_Ashraf_Bhatti/', 'application/pdf', NULL, NULL, '2019-11-14 05:03:33', '2019-11-14 05:03:33');

--
-- Dumping data for table `document_names`
--

INSERT INTO `document_names` (`id`, `name`, `created_at`, `updated_at`) VALUES
(1, 'CNIC Front', NULL, NULL),
(2, 'CNIC Back', NULL, NULL),
(3, 'Appointment Letter', NULL, NULL),
(4, 'HR Form', NULL, NULL),
(5, 'Joining Report', NULL, NULL);

--
-- Dumping data for table `educations`
--

INSERT INTO `educations` (`id`, `employee_id`, `degree_name`, `institute`, `level`, `from_month`, `from_year`, `to_month`, `to_year`, `total_marks`, `marks_obtain`, `grade`, `country_id`, `created_at`, `updated_at`) VALUES
(1, 1, 'BS-IT', 'Virtual University of Pakistan', '14', 'January', '2017', 'December', '2018', 4.00, 3.80, 'A', 1, NULL, '2019-09-16 09:31:09'),
(2, 4, 'Matric - Secondary', 'M.B High School Hafizabad', '10', NULL, '1955', NULL, '1957', NULL, NULL, NULL, 1, '2019-08-07 13:10:45', '2019-08-07 13:14:10'),
(3, 4, 'Higher Scondary', 'Govt. College Lahore', '12', NULL, '1957', NULL, '1959', NULL, NULL, NULL, 1, '2019-08-07 13:15:00', '2019-08-07 13:15:00'),
(4, 4, 'B.Sc (Civil)', 'University of Engineering & Technology, Lahore', '16', NULL, '1962', NULL, '1965', NULL, NULL, NULL, 1, '2019-08-07 13:16:11', '2019-08-07 13:16:11'),
(5, 4, 'M.Sc Construction Engineering', 'Leeds University, UK', '18', NULL, NULL, NULL, '1980', NULL, NULL, NULL, 226, '2019-08-07 13:17:11', '2019-08-07 13:17:11'),
(6, 6, 'Bachelor of Engineering Electrical', 'Mehran University of Engineering & Technology, Jamshoro', '16', NULL, NULL, NULL, '1981', 4.00, 3.92, NULL, 1, '2019-08-20 10:12:25', '2019-08-20 10:12:25'),
(7, 6, 'Master in Electrical Engineering', 'University of Engineering and Technology, Lahore', '18', NULL, NULL, NULL, '2009', NULL, NULL, NULL, 1, '2019-08-20 10:16:28', '2019-08-20 10:16:28'),
(8, 8, 'Matric', 'Govt. Muslim Awami High School Sambrial Sialkot', '10', NULL, NULL, NULL, '1996', 850.00, 737.00, 'A+', 1, '2019-08-22 09:14:47', '2019-08-22 09:14:47'),
(9, 8, 'F.Sc', 'Govt. Jinnah Islamia College, Sialkot', '12', NULL, NULL, NULL, '1998', 1100.00, 815.00, 'A', 1, '2019-08-22 09:15:59', '2019-08-22 09:15:59'),
(10, 8, 'B.Sc Civil Engineering', 'University of Engineering & Technology, Lahore', '16', NULL, NULL, 'February', '2003', NULL, NULL, 'First', 1, '2019-08-22 09:17:55', '2019-08-22 09:17:55'),
(11, 8, 'M.Sc Civil Engineering', 'University of Engineering & Technology, Lahore', '18', NULL, NULL, 'August', '2006', NULL, NULL, NULL, 1, '2019-08-22 09:19:02', '2019-08-22 09:19:02'),
(12, 13, 'Bachelor of Arts (BA)', 'University of Punjab, Lahore', '14', NULL, NULL, NULL, '2015', NULL, NULL, 'A', 1, '2019-08-27 06:25:17', '2019-08-27 06:25:17'),
(13, 14, 'FA', 'Private', '12', NULL, NULL, NULL, '1991', 850.00, 468.00, NULL, 1, '2019-08-29 00:02:37', '2019-08-29 00:02:37'),
(14, 15, 'B.A.', 'Peshawar University', '14', 'March', NULL, NULL, '1983', 850.00, 456.00, NULL, 1, '2019-08-29 00:33:03', '2019-08-29 00:33:03'),
(15, 16, 'M.Sc.', 'UET Lahore', '18', NULL, NULL, NULL, '2009', NULL, NULL, NULL, 1, '2019-09-01 23:01:15', '2019-09-02 23:14:10'),
(16, 17, 'FA', 'Private', '12', NULL, NULL, NULL, '1994', NULL, NULL, NULL, 1, '2019-09-03 02:44:57', '2019-09-03 02:44:57'),
(17, 3, 'FA', 'Govt. Science College, Lahore', '12', NULL, NULL, NULL, '1993', NULL, NULL, NULL, 1, '2019-09-04 00:02:47', '2019-09-04 00:02:47'),
(18, 19, 'B.A', 'Punjab University', '14', NULL, NULL, NULL, '2003', NULL, NULL, NULL, 1, '2019-09-12 02:19:08', '2019-09-12 02:19:08'),
(19, 23, 'B.A.', 'Punjab University', '14', NULL, NULL, NULL, '1975', NULL, NULL, NULL, 1, '2019-09-25 09:54:06', '2019-09-25 09:54:06'),
(20, 24, 'MBA', 'University of Central Punjab', '16', NULL, NULL, NULL, '2004', NULL, NULL, NULL, 1, '2019-09-26 04:28:50', '2019-09-26 04:28:50'),
(21, 25, 'B.Com', 'BZU', '14', NULL, NULL, NULL, '2001', NULL, NULL, NULL, 1, '2019-09-30 04:53:05', '2019-09-30 04:53:05'),
(22, 26, 'B.Sc. Accounting', 'Oxford Brooks University', '14', NULL, NULL, NULL, '2015', NULL, NULL, NULL, 1, '2019-09-30 05:15:43', '2019-09-30 05:15:43'),
(23, 27, 'B.A.', 'University of Punjab', '14', NULL, NULL, NULL, '1994', NULL, NULL, NULL, 1, '2019-10-03 04:52:49', '2019-10-03 04:52:49'),
(24, 28, 'B.Com', 'Scholars', '14', NULL, NULL, NULL, '2003', NULL, NULL, NULL, 1, '2019-10-03 05:24:52', '2019-10-03 05:24:52'),
(25, 29, 'B. Com', 'Halley College of Commerce', '14', NULL, NULL, NULL, '1977', NULL, NULL, NULL, 1, '2019-10-08 04:58:00', '2019-10-08 04:58:00'),
(26, 30, 'FA', 'Degree College Bagh', '12', NULL, NULL, NULL, '2004', NULL, NULL, NULL, 1, '2019-10-08 05:43:30', '2019-10-08 05:43:30'),
(27, 31, 'FA', 'Govt. College, Gardi Shahu, Lahore', '12', NULL, NULL, NULL, '1997', NULL, NULL, NULL, 1, '2019-10-11 05:54:37', '2019-10-11 05:54:37'),
(28, 32, 'M.Sc. Geotech', 'U.E.T. Lahore', '16', NULL, NULL, NULL, '2007', NULL, NULL, NULL, 1, '2019-10-11 06:16:59', '2019-10-11 06:16:59'),
(29, 33, 'B.Sc. (Electrical)', 'UET Mirpur', '14', NULL, NULL, NULL, '1993', NULL, NULL, NULL, 1, '2019-10-16 04:35:06', '2019-10-16 04:35:06'),
(30, 34, 'M.Sc. Engineering (Telecom)', 'McGill University CANADA', '16', NULL, NULL, NULL, '2002', NULL, NULL, NULL, 3, '2019-10-16 04:57:15', '2019-10-16 04:57:15'),
(31, 35, 'MBA (M.Phil)', 'Hailley College', '16', NULL, NULL, NULL, '2014', NULL, NULL, NULL, 1, '2019-10-23 05:11:14', '2019-10-23 05:11:14'),
(32, 36, 'B.Sc. Computer Science', 'Virtual University of Pakistan', '14', NULL, NULL, NULL, '2018', NULL, NULL, NULL, 1, '2019-10-23 05:31:24', '2019-10-23 05:31:24'),
(33, 39, 'F.A.', 'Govt. Commercial College', '12', NULL, NULL, NULL, '1997', NULL, NULL, NULL, 1, '2019-10-25 04:16:57', '2019-10-25 04:16:57'),
(34, 40, 'Matric', 'Govt. Comprehinsive High School', '10', NULL, NULL, NULL, '2001', NULL, NULL, NULL, 1, '2019-10-25 04:31:38', '2019-10-25 04:31:38'),
(35, 41, 'Matric', 'Govt. High School Lahore', '10', NULL, NULL, NULL, '1980', NULL, NULL, NULL, 1, '2019-10-28 04:54:26', '2019-10-28 04:54:26'),
(36, 42, 'M.Sc.', 'UET Lahore', '16', NULL, NULL, NULL, '1979', NULL, NULL, NULL, 1, '2019-10-29 04:34:55', '2019-10-29 04:34:55'),
(37, 43, 'Matric', 'Govt. High School Chashma', '10', NULL, NULL, NULL, '2002', NULL, NULL, NULL, 1, '2019-10-29 04:49:18', '2019-10-29 04:49:18'),
(38, 44, 'FSc.', 'Govt. College Shakargarh', '12', NULL, NULL, NULL, '1981', NULL, NULL, NULL, 4, '2019-10-30 04:23:08', '2019-10-30 04:23:08'),
(39, 44, 'F.Sc.', 'Govt. College Shakargarh', '12', NULL, NULL, NULL, '1981', NULL, NULL, NULL, 4, '2019-10-30 04:24:29', '2019-10-30 04:24:29'),
(40, 45, 'Matric', 'Govt. M.I. Happy High School', '10', NULL, NULL, NULL, '1994', NULL, NULL, NULL, 1, '2019-10-30 04:40:32', '2019-10-30 04:40:32'),
(41, 46, 'Middle', 'Govt. High School Dharum Pura Lahore', '8', NULL, NULL, NULL, '1989', NULL, NULL, NULL, 1, '2019-10-31 04:23:49', '2019-10-31 04:23:49'),
(42, 49, 'B.Sc.', 'UET Lahore', '14', NULL, NULL, NULL, '2010', NULL, NULL, NULL, 1, '2019-11-04 04:31:18', '2019-11-04 04:31:18'),
(43, 50, 'B.Sc. Electrical', 'UET Dhaka', '14', NULL, NULL, NULL, '1969', NULL, NULL, NULL, 21, '2019-11-04 04:57:12', '2019-11-04 04:57:12'),
(44, 51, 'B.E. Civil', 'UET Khuzdar', '14', NULL, NULL, NULL, '1995', NULL, NULL, NULL, 1, '2019-11-05 04:23:03', '2019-11-05 04:23:03'),
(45, 52, 'B.Sc. Civil', 'UET Lahore', '14', NULL, NULL, NULL, '1993', NULL, NULL, NULL, 1, '2019-11-05 04:36:57', '2019-11-05 04:36:57'),
(46, 53, 'M.S./M.Phil', 'Punjab University', '16', NULL, NULL, NULL, '2014', NULL, NULL, NULL, 1, '2019-11-06 05:04:06', '2019-11-06 05:04:06'),
(47, 54, 'B.Sc.', 'UET Lahore', '14', NULL, NULL, NULL, '2007', NULL, NULL, NULL, 1, '2019-11-07 04:59:17', '2019-11-07 04:59:17'),
(48, 55, 'B.E. (Electrical)', 'Mehran UET Jamshoro', '14', NULL, NULL, NULL, '1996', NULL, NULL, NULL, 1, '2019-11-07 05:15:21', '2019-11-07 05:15:21'),
(49, 56, 'B.Sc. (Electrical)', 'Engineering College Peshawar', '14', NULL, NULL, NULL, '1976', NULL, NULL, NULL, 1, '2019-11-08 05:28:54', '2019-11-08 05:28:54'),
(50, 57, 'B.Sc. (Electrical)', 'UET Lahore', '14', NULL, NULL, NULL, '1975', NULL, NULL, NULL, 1, '2019-11-08 05:51:54', '2019-11-08 05:51:54'),
(51, 58, 'B.Sc. (Applied Geology)', 'UET Lahore', '14', NULL, NULL, NULL, '1989', NULL, NULL, NULL, 1, '2019-11-11 04:21:24', '2019-11-11 04:21:24'),
(52, 59, 'M.Phil', 'UET Lahore', '18', NULL, NULL, NULL, '2006', NULL, NULL, NULL, 1, '2019-11-11 04:35:22', '2019-11-11 04:35:22'),
(53, 61, 'MSc. (HRM)', 'University of Regina', '16', NULL, NULL, NULL, '2008', NULL, NULL, NULL, 1, '2019-11-18 05:57:53', '2019-11-18 05:57:53');

--
-- Dumping data for table `emergency_contacts`
--

INSERT INTO `emergency_contacts` (`id`, `employee_id`, `name`, `relation`, `mobile`, `landline`, `created_at`, `updated_at`) VALUES
(1, 12, 'Sanaullah', 'Father', '0341-0078278', '000000', '2019-08-27 04:27:16', '2019-08-27 04:27:16'),
(2, 13, 'Muhammad Shafiq', 'Brother', '0321-4764294', NULL, '2019-08-27 06:53:09', '2019-08-27 06:53:09'),
(3, 1, 'Rehan Afzal', 'Brother', '0323-4205592', '042-37418187', '2019-08-27 23:22:47', '2019-08-27 23:22:47'),
(4, 3, 'Muhammad Sheraz Khan', 'Brother', '0333-4362135', NULL, '2019-09-04 00:20:10', '2019-09-04 00:20:10'),
(5, 11, 'Tanzeel Jahangir', 'Wife', '0302-4587929', NULL, '2019-09-19 05:43:51', '2019-09-19 05:43:51'),
(6, 11, 'Tanzeel Jahangir', 'Wife', '0302-4587929', NULL, '2019-09-19 05:43:51', '2019-09-19 05:43:51'),
(7, 33, 'Sakina Akram', 'Wife', '0344-5262909', NULL, '2019-10-16 04:44:14', '2019-10-16 04:44:14'),
(8, 34, 'Smina Khan', 'Wife', '0333-4812378', NULL, '2019-10-16 05:04:57', '2019-10-16 05:04:57'),
(9, 35, 'Javed Siddiqui', 'Brother', '0321-4363920', NULL, '2019-10-23 05:17:24', '2019-10-23 05:17:24'),
(10, 36, 'Syed Mazhar Ali Shah', 'Brother', '0332-4677055', NULL, '2019-10-23 05:35:35', '2019-10-23 05:35:35'),
(11, 37, 'Sonia Niala', 'Wife', '0300-4170863', NULL, '2019-10-24 04:38:38', '2019-10-24 04:38:38'),
(12, 38, 'Uzma Shafiq', 'Wife', '0308-4627863', NULL, '2019-10-24 04:47:26', '2019-10-24 04:47:26'),
(13, 39, 'Shahid Khan', 'Brother', '03009407653', NULL, '2019-10-25 04:25:08', '2019-10-25 04:25:08'),
(14, 40, 'Muhammad Ali Raza', 'Brother', '03334056002', NULL, '2019-10-25 04:36:14', '2019-10-25 04:36:14'),
(15, 41, 'Wife', 'Wife', '04236625794', NULL, '2019-10-28 05:02:58', '2019-10-28 05:02:58'),
(16, 42, 'Farida Altaf', 'Wife', '03454075403', NULL, '2019-10-29 04:40:27', '2019-10-29 04:40:27'),
(17, 43, 'Mother', 'Mother', '03334331023', NULL, '2019-10-29 04:58:52', '2019-10-29 04:58:52'),
(18, 45, 'Nadeem Ahmad But', 'Brother', '03217844848', NULL, '2019-10-30 04:43:57', '2019-10-30 04:43:57'),
(19, 47, 'Noman Ahmad', 'Cousin', '03135663235', NULL, '2019-10-31 04:55:40', '2019-10-31 04:55:40'),
(20, 48, 'Wife', 'Wife', '03134237619', NULL, '2019-10-31 05:14:41', '2019-10-31 05:14:41'),
(21, 49, 'Muhammad Ashfaq Ahmad', 'Brother', '03217372854', NULL, '2019-11-04 04:39:53', '2019-11-04 04:39:53'),
(22, 50, 'Ayesha Zamir', 'Daughter', '033314394450', NULL, '2019-11-04 05:06:37', '2019-11-04 05:06:37'),
(23, 52, 'Farah Ashraf', 'Wife', '03067864040', NULL, '2019-11-05 04:41:41', '2019-11-05 04:41:41'),
(24, 53, 'Afshan Munir', 'Mother', '03344156122', NULL, '2019-11-06 05:09:12', '2019-11-06 05:09:12'),
(25, 54, 'Sajjad Haider Toor', 'Father', '03444566177', NULL, '2019-11-07 05:03:26', '2019-11-07 05:03:26'),
(26, 55, 'Mrs. Haresh Kumar', 'Wife', '0744046593', NULL, '2019-11-07 05:22:43', '2019-11-07 05:22:43'),
(27, 56, 'Yasmin', 'Wife', '03339638445', NULL, '2019-11-08 05:44:54', '2019-11-08 05:44:54'),
(28, 57, 'Aliya Bushra', 'Wife', '03004323285', NULL, '2019-11-08 05:56:32', '2019-11-08 05:56:32'),
(29, 58, 'Nighat Perveen', 'Wife', '03364422339', NULL, '2019-11-11 04:29:55', '2019-11-11 04:29:55'),
(30, 59, 'Rabia Nawaz', 'Wife', '042-36544906', NULL, '2019-11-11 04:46:24', '2019-11-11 04:46:24'),
(31, 60, 'Shahida Kashif', 'Wife', '03144060281', NULL, '2019-11-14 04:28:01', '2019-11-14 04:28:01'),
(32, 61, 'Ch. Atiq Ahmad Humayun', 'Brother', '0300300300', NULL, '2019-11-18 06:06:08', '2019-11-18 06:06:08');

--

-- Dumping data for table `employee_statuses`
--

INSERT INTO `employee_statuses` (`id`, `name`, `created_at`, `updated_at`) VALUES
(1, 'On Board', NULL, NULL),
(2, 'Resigned', NULL, NULL),
(3, 'Terminated', NULL, NULL),
(4, 'Long Leave', NULL, NULL),
(5, 'Manmonth Ended', NULL, NULL);

--
-- Dumping data for table `experiences`
--

INSERT INTO `experiences` (`id`, `employee_id`, `employer`, `position`, `from`, `to`, `country_id`, `activities`, `created_at`, `updated_at`) VALUES
(1, 4, 'BARQAAB', 'Chief Executive', '2013-09-18', '2019-08-07', 1, NULL, '2019-08-07 13:29:21', '2019-08-07 13:29:21'),
(2, 13, 'BARQAAB Consulting Services (Pvt.) Limited', 'Computer Operator', '2007-01-26', '2010-03-31', 1, NULL, '2019-08-27 06:44:39', '2019-08-27 06:44:39'),
(3, 13, 'BARQAAB Consulting Services (Pvt.) Limited', 'AutoCAD Operator', '2010-04-01', '2019-08-27', 1, NULL, '2019-08-27 06:46:46', '2019-08-27 06:46:46'),
(4, 1, 'Pakistan Telecommunication Company LImited', 'HR Executive', '1995-04-01', '2001-03-08', 1, 'testing 123', '2019-08-27 23:27:07', '2019-09-18 07:40:24'),
(5, 14, 'Kabir Ahmad', 'Auto CAD Operato', '2001-12-07', '2019-08-20', 1, NULL, '2019-08-29 00:04:42', '2019-08-29 00:04:42'),
(9, 16, 'Ali Arslan', 'Junior Engineer', '2007-06-08', '2019-09-03', 1, NULL, '2019-09-02 23:28:33', '2019-09-02 23:28:33'),
(10, 3, 'Muhammad Tahir Khan', 'Computer Operator Officer', '1997-05-13', '2019-09-04', 1, NULL, '2019-09-04 00:05:12', '2019-09-04 00:05:12'),
(11, 19, 'Noman Ahmad', 'Computer Operator', '2009-08-19', '2019-09-12', 1, NULL, '2019-09-12 02:20:34', '2019-09-12 02:20:34'),
(12, 23, 'Muhammad Javed Sultan', 'Accountant', '1977-07-24', '2019-09-25', 1, NULL, '2019-09-25 09:56:25', '2019-09-25 09:56:25'),
(13, 24, 'Muhammad Waqas', 'Accounts Officer', '2001-11-07', '2019-09-25', 1, NULL, '2019-09-26 04:41:32', '2019-09-26 04:41:32'),
(14, 25, 'Muhammad Imran Javed', 'Assistant Accountant', '2001-11-06', '2019-09-30', 1, NULL, '2019-09-30 04:54:49', '2019-09-30 04:54:49'),
(15, 26, 'Waqar Ahmad', 'Accounts Officer', '2015-06-17', '2019-09-30', 1, NULL, '2019-09-30 05:16:38', '2019-09-30 05:16:38'),
(16, 27, 'Malik Zulfiqar Ali', 'Assistant Secretary', '1995-04-14', '2019-10-02', 1, NULL, '2019-10-03 04:54:38', '2019-10-03 04:54:38'),
(17, 28, 'Abdul Majid Rafi', 'Accounts Assistant', '2006-07-18', '2019-04-06', 1, NULL, '2019-10-03 05:31:19', '2019-10-03 05:31:19'),
(18, 29, 'Ch. Khalil Ahmad', 'Coordinating Officer', '1989-05-15', '2019-10-08', 1, NULL, '2019-10-08 05:00:22', '2019-10-08 05:00:22'),
(19, 30, 'Muhammad Hafeez Minhas', 'Accounts Clerk', '2004-09-23', '2019-10-08', 1, NULL, '2019-10-08 05:45:07', '2019-10-08 05:45:07'),
(20, 31, 'Farhan Ali Saffi', 'Utility Person', '2005-11-23', '2019-10-11', 1, NULL, '2019-10-11 05:55:48', '2019-10-11 05:55:48'),
(21, 32, 'Muhammad Tanvir Abbas', 'Principal Engineer', '2002-05-12', '2019-10-11', 1, NULL, '2019-10-11 06:18:09', '2019-10-11 06:18:09'),
(22, 33, 'Muhammad Khaliq', 'Junior Engineer (Electrical)', '1997-05-13', '2019-10-15', 1, NULL, '2019-10-16 04:37:27', '2019-10-16 04:37:27'),
(23, 34, 'Iftikhar Ahmad Khan', 'Junior Engineer (Electrical)', '1995-06-13', '2019-10-16', 1, NULL, '2019-10-16 04:58:29', '2019-10-16 04:58:29'),
(24, 35, 'Jamshaid Siddiqui', 'Auto Cad/Computer Operator', '2008-03-05', '2019-10-22', 1, NULL, '2019-10-23 05:12:41', '2019-10-23 05:12:41'),
(25, 36, 'Syed Azhar Ali Shah', 'Computer Operator', '2002-06-18', '2019-10-22', 1, NULL, '2019-10-23 05:32:19', '2019-10-23 05:32:19'),
(26, 37, 'Muhammad Shahbaz Sindhu', 'Utility Person', '2009-08-13', '2019-10-24', 1, NULL, '2019-10-24 04:30:30', '2019-10-24 04:30:30'),
(27, 39, 'Hafiz Hashim Khan', 'Computer Operator', '2006-05-31', '2019-10-25', 1, NULL, '2019-10-25 04:17:39', '2019-10-25 04:17:39'),
(28, 40, 'Imtiaz Ahmad', 'Auto CAD Operato', '2002-03-11', '2019-10-25', 1, NULL, '2019-10-25 04:32:33', '2019-10-25 04:32:33'),
(29, 41, 'Inayatullah', 'Auto CAD Operato', '1986-06-16', '2019-10-28', 1, NULL, '2019-10-28 04:55:34', '2019-10-28 04:55:34'),
(30, 42, 'Muhammad Altaf Hussain Bhatti', 'Chief Contract Engineer', '1982-06-16', '2019-10-29', 1, NULL, '2019-10-29 04:35:58', '2019-10-29 04:35:58'),
(31, 43, 'Mehmmod Iqbal', 'Junior Clerk', '2001-10-17', '2019-10-29', 1, NULL, '2019-10-29 04:50:09', '2019-10-29 04:50:09'),
(32, 44, 'Muhammad Asif', 'Caretaker', '1988-06-16', '2019-10-30', 4, NULL, '2019-10-30 04:26:59', '2019-10-30 04:26:59'),
(33, 46, 'Mirza Nadeem Baig', 'Utility Person', '1984-04-16', '2019-10-31', 1, NULL, '2019-10-31 04:22:49', '2019-10-31 04:22:49'),
(34, 47, 'Muhammad Jamil', 'Utility Person', '2006-05-29', '2019-10-30', 1, NULL, '2019-10-31 04:52:17', '2019-10-31 04:52:17'),
(35, 49, 'Fayyaz Mehmood Karimi', 'Junior Engineer', '2013-08-20', '2019-11-04', 1, NULL, '2019-11-04 04:35:04', '2019-11-04 04:35:04'),
(36, 50, 'Zamir Hussain Shad', 'Chief Engineer', '1970-04-22', '2019-11-04', 1, NULL, '2019-11-04 04:58:04', '2019-11-04 04:58:04'),
(37, 51, 'Muhammad Farhan', 'Junior Engineer', '1999-10-13', '2019-11-05', 1, NULL, '2019-11-05 04:24:19', '2019-11-05 04:24:19'),
(38, 52, 'Muhammad Ashraf Bhatti', 'Senior Engineer', '1994-06-21', '2019-11-05', 1, NULL, '2019-11-05 04:38:02', '2019-11-05 04:38:02'),
(39, 53, 'Rafae Munir', 'Junior Engineer (Electrical)', '2010-12-14', '2019-11-06', 1, NULL, '2019-11-06 05:05:40', '2019-11-06 05:05:40'),
(40, 54, 'Kamal Haider Toor', 'Junior Engineer (Civil)', '2007-03-15', '2019-11-07', 1, NULL, '2019-11-07 05:00:15', '2019-11-07 05:00:15'),
(41, 55, 'Haresh Kumar', 'Junior Engineer (Electrical)', '2007-04-12', '2019-11-07', 1, NULL, '2019-11-07 05:16:24', '2019-11-07 05:16:24'),
(42, 56, 'Saif Ur Rehman', 'Principal Engineer (Electrical)', '1977-07-14', '2019-11-08', 1, NULL, '2019-11-08 05:33:53', '2019-11-08 05:33:53'),
(43, 57, 'Malik Iqtadar Hussain', 'Chief Engineer', '1977-08-16', '2019-11-08', 1, NULL, '2019-11-08 05:52:52', '2019-11-08 05:52:52'),
(44, 58, 'Muhammad Afzal', 'Senior Engineer', '1989-06-14', '2019-11-11', 1, NULL, '2019-11-11 04:22:24', '2019-11-11 04:22:24'),
(45, 59, 'Muhammad Nawaz', 'Chief Contract Engineer', '1975-05-13', '2019-11-11', 1, NULL, '2019-11-11 04:36:12', '2019-11-11 04:36:12'),
(46, 60, 'Kashif Suleman Afzal', 'Utility Person', '2006-05-28', '2019-11-14', 1, NULL, '2019-11-14 04:25:39', '2019-11-14 04:25:39'),
(47, 61, 'CH. Atiq Ahmad Humayun', 'Senior (HRD) & Business Development Office', '2008-06-10', '2019-11-18', 1, NULL, '2019-11-18 05:59:10', '2019-11-18 05:59:10');

--
-- Dumping data for table `genders`
--

INSERT INTO `genders` (`id`, `name`, `created_at`, `updated_at`) VALUES
(1, 'Male', NULL, NULL),
(2, 'Female', NULL, NULL);

--
-- Dumping data for table `languages`
--

INSERT INTO `languages` (`id`, `employee_id`, `all_language_id`, `writing`, `speaking`, `reading`, `created_at`, `updated_at`) VALUES
(1, 4, 1, 'Excellent', 'Excellent', 'Excellent', '2019-08-07 13:27:32', '2019-08-07 13:27:32'),
(2, 4, 2, 'Excellent', 'Excellent', 'Excellent', '2019-08-07 13:28:05', '2019-08-07 13:28:05'),
(3, 6, 1, 'Excellent', 'Excellent', 'Excellent', '2019-08-20 10:22:27', '2019-08-20 10:22:27'),
(4, 6, 2, 'Excellent', 'Excellent', 'Excellent', '2019-08-20 10:22:37', '2019-08-20 10:22:37'),
(5, 8, 1, 'Excellent', 'Excellent', 'Excellent', '2019-08-22 09:24:21', '2019-08-22 09:24:21'),
(6, 8, 2, 'Excellent', 'Excellent', 'Excellent', '2019-08-22 09:24:31', '2019-08-22 09:24:31'),
(7, 13, 1, 'Good', 'Good', 'Excellent', '2019-08-27 06:37:28', '2019-08-27 06:37:28'),
(8, 13, 2, 'Excellent', 'Excellent', 'Excellent', '2019-08-27 06:37:38', '2019-08-27 06:37:38'),
(9, 13, 5, 'Average', 'Good', 'Good', '2019-08-27 06:38:31', '2019-08-27 06:38:31'),
(14, 1, 1, 'Excellent', 'Excellent', 'Excellent', '2019-09-18 07:02:11', '2019-09-18 07:02:11');

--
-- Dumping data for table `marital_status`
--

INSERT INTO `marital_status` (`id`, `name`, `created_at`, `updated_at`) VALUES
(1, 'Single', NULL, NULL),
(2, 'Married', NULL, NULL),
(3, 'Separated', NULL, NULL),
(4, 'Widowed', NULL, NULL);

--
-- Dumping data for table `memberships`
--

INSERT INTO `memberships` (`id`, `employee_id`, `name`, `membership_no`, `expiry_date`, `created_at`, `updated_at`) VALUES
(1, 4, 'PEC', 'CIVIL/00927', '2019-12-31', '2019-08-07 13:24:59', '2019-08-07 13:24:59'),
(2, 6, 'PEC', 'Elect/3994', '2020-12-31', '2019-08-20 10:20:09', '2019-08-20 10:20:09'),
(3, 8, 'PEC', 'Civil/23078', '2019-12-31', '2019-08-22 09:24:04', '2019-08-22 09:24:04');

--


--
-- Dumping data for table `nationalities`
--

INSERT INTO `nationalities` (`id`, `employee_id`, `country_id`, `created_at`, `updated_at`) VALUES
(1, 2, 1, '2019-07-31 10:15:04', '2019-07-31 10:15:04'),
(2, 1, 1, '2019-08-02 11:22:51', '2019-08-02 11:22:51'),
(3, 3, 1, '2019-08-02 15:23:46', '2019-08-02 15:23:46'),
(4, 4, 1, '2019-08-07 12:52:13', '2019-08-07 12:52:13'),
(5, 5, 1, '2019-08-16 13:13:56', '2019-08-16 13:13:56'),
(6, 6, 1, '2019-08-19 18:31:55', '2019-08-19 18:31:55'),
(7, 7, 1, '2019-08-21 09:46:35', '2019-08-21 09:46:35'),
(8, 8, 1, '2019-08-22 08:48:15', '2019-08-22 08:48:15'),
(9, 9, 1, '2019-08-22 06:37:31', '2019-08-22 06:37:31'),
(10, 10, 1, '2019-08-27 01:47:20', '2019-08-27 01:47:20'),
(11, 11, 1, '2019-08-27 03:52:14', '2019-09-18 05:29:33'),
(12, 12, 1, '2019-08-27 04:16:31', '2019-08-27 04:16:31'),
(13, 13, 1, '2019-08-27 05:54:08', '2019-08-27 05:54:08'),
(14, 14, 1, '2019-08-28 23:45:28', '2019-08-28 23:45:28'),
(15, 15, 1, '2019-08-29 00:25:49', '2019-08-29 00:25:49'),
(16, 16, 1, '2019-09-01 22:49:33', '2019-09-01 22:49:33'),
(17, 17, 1, '2019-09-01 23:06:57', '2019-09-01 23:06:57'),
(18, 18, 1, '2019-09-05 00:18:00', '2019-09-05 00:18:00'),
(19, 19, 1, '2019-09-12 02:09:28', '2019-09-12 02:09:28'),
(20, 20, 1, '2019-09-12 02:34:37', '2019-09-12 02:34:37'),
(21, 21, 1, '2019-09-19 05:21:48', '2019-09-19 05:21:48'),
(22, 22, 1, '2019-09-19 05:44:26', '2019-09-19 05:44:26'),
(23, 23, 1, '2019-09-25 06:26:27', '2019-09-25 06:26:27'),
(24, 24, 1, '2019-09-26 04:18:54', '2019-09-26 04:18:54'),
(25, 25, 1, '2019-09-30 04:36:05', '2019-09-30 04:36:05'),
(26, 26, 1, '2019-09-30 05:10:18', '2019-09-30 05:10:18'),
(27, 27, 1, '2019-10-02 06:05:38', '2019-10-02 06:05:38'),
(28, 28, 1, '2019-10-03 05:14:41', '2019-10-03 05:14:41'),
(29, 29, 1, '2019-10-08 04:38:54', '2019-10-08 04:38:54'),
(30, 30, 1, '2019-10-08 05:36:58', '2019-10-08 05:36:58'),
(31, 31, 1, '2019-10-11 05:46:19', '2019-10-11 05:46:19'),
(32, 32, 1, '2019-10-11 06:06:19', '2019-10-11 06:06:19'),
(33, 33, 1, '2019-10-16 04:15:12', '2019-10-16 04:15:12'),
(34, 34, 1, '2019-10-16 04:51:00', '2019-10-16 04:51:00'),
(35, 35, 1, '2019-10-23 05:03:29', '2019-10-23 05:03:29'),
(36, 36, 1, '2019-10-23 05:23:00', '2019-10-23 05:23:00'),
(37, 37, 1, '2019-10-24 04:14:09', '2019-10-24 04:14:09'),
(38, 38, 1, '2019-10-24 04:41:19', '2019-10-24 04:41:19'),
(39, 39, 1, '2019-10-25 04:10:17', '2019-10-25 04:10:17'),
(40, 40, 1, '2019-10-25 04:27:34', '2019-10-25 04:27:34'),
(41, 41, 1, '2019-10-28 04:48:24', '2019-10-28 04:48:24'),
(42, 42, 1, '2019-10-29 04:27:07', '2019-10-29 04:27:07'),
(43, 43, 1, '2019-10-29 04:44:00', '2019-10-29 04:44:00'),
(44, 44, 1, '2019-10-30 04:12:48', '2019-10-30 04:12:48'),
(45, 45, 1, '2019-10-30 04:32:01', '2019-10-30 04:32:01'),
(46, 46, 1, '2019-10-31 04:12:10', '2019-10-31 04:12:10'),
(47, 47, 1, '2019-10-31 04:34:44', '2019-10-31 04:34:44'),
(48, 48, 1, '2019-10-31 05:01:01', '2019-10-31 05:01:01'),
(49, 49, 1, '2019-11-04 04:24:13', '2019-11-04 04:24:13'),
(50, 50, 1, '2019-11-04 04:43:18', '2019-11-04 04:43:18'),
(51, 51, 1, '2019-11-05 04:17:34', '2019-11-05 04:17:34'),
(52, 52, 1, '2019-11-05 04:31:06', '2019-11-05 04:31:06'),
(53, 53, 1, '2019-11-06 04:58:10', '2019-11-06 04:58:10'),
(54, 54, 1, '2019-11-07 04:47:41', '2019-11-07 04:47:41'),
(55, 55, 1, '2019-11-07 05:10:39', '2019-11-07 05:10:39'),
(56, 56, 1, '2019-11-08 05:07:54', '2019-11-08 05:07:54'),
(57, 57, 1, '2019-11-08 05:47:07', '2019-11-08 05:47:07'),
(58, 58, 1, '2019-11-11 04:15:44', '2019-11-11 04:15:44'),
(59, 59, 1, '2019-11-11 04:32:08', '2019-11-11 04:32:08'),
(60, 60, 1, '2019-11-14 04:06:01', '2019-11-14 04:06:01'),
(61, 61, 1, '2019-11-18 05:47:32', '2019-11-18 05:47:32');

--
-- Dumping data for table `other_informations`
--

INSERT INTO `other_informations` (`id`, `employee_id`, `blood_group`, `driving_licence`, `licence_expiry`, `disability`, `passport_no`, `passport_expiry`, `kin_name`, `kin_relation`, `kin_address`, `kin_contact_number`, `created_at`, `updated_at`) VALUES
(1, 1, '3', NULL, NULL, NULL, NULL, NULL, 'Muhammad Afzal', 'Father', 'House No.1, Street No.2, Rehman Park, Gulshan-e-Ravi, Lahore', '042-37418187', '2019-08-27 23:10:02', '2019-09-17 03:45:34'),
(2, 11, '1', '2007/7962', '2022-05-06', NULL, NULL, NULL, 'Tanzeel Jahangir', 'Wife', 'Same as Permanent Address', '0302-4587929', '2019-09-19 05:48:43', '2019-09-19 05:48:43'),
(3, 21, '2', '2006/952', '2020-10-27', NULL, NULL, NULL, 'Asma', 'Wife', 'H. No. 6, Johar Street, Jeewan Hana, Lahore', '0336-7095751', '2019-09-23 05:10:31', '2019-09-23 05:10:31'),
(4, 22, '2', 'LE-14-76584', '2019-11-23', NULL, NULL, NULL, 'Muhammad Idrees', 'Father', 'Etihad part, House No. 8, Block-B, Muhallah Stop Bank, Chongi Amersidhu, Lahore', '0300-8188386', '2019-09-23 05:14:59', '2019-09-23 05:14:59');

--
-- Dumping data for table `pictures`
--

INSERT INTO `pictures` (`id`, `employee_id`, `name`, `type`, `size`, `width`, `height`, `created_at`, `updated_at`) VALUES
(1, 2, '2-Athar Hussain Jaffry.png', 'image/png', '89091', '100', '100', '2019-07-31 11:43:58', '2019-08-27 03:43:44'),
(2, 3, '3.png', 'image/png', '82869', '100', '100', '2019-08-02 15:26:47', '2019-08-02 15:26:47'),
(3, 4, '4-Ahmad Khan Bhatti.png', 'image/png', '83855', '100', '100', '2019-08-09 11:45:04', '2019-08-27 03:43:20'),
(4, 6, '6-Muhammad  Zafar.png', 'image/png', '65575', '100', '100', '2019-08-19 18:34:19', '2019-08-27 03:45:45'),
(5, 7, '7-Mumtaz  Akhtar.png', 'image/png', '82490', '100', '100', '2019-08-21 09:47:46', '2019-08-27 03:46:02'),
(6, 8, '8-Naveed Akhtar Nawaz.png', 'image/png', '94798', '100', '100', '2019-08-22 06:16:38', '2019-08-27 03:46:39'),
(7, 9, '9-Rana Haider Faruq.png', 'image/png', '75219', '100', '100', '2019-08-22 06:39:10', '2019-08-27 03:46:19'),
(8, 11, '11-Muhammad  Rasheed.png', 'image/png', '90546', '100', '100', '2019-08-27 03:53:28', '2019-08-27 03:53:28'),
(9, 12, '12-Taseef  Ahmad.png', 'image/png', '81855', '100', '100', '2019-08-27 04:17:24', '2019-08-27 04:17:24'),
(10, 10, '10-Fakhar-e-Alam  Bhatti.png', 'image/png', '71893', '100', '100', '2019-08-27 04:34:33', '2019-08-27 04:34:33'),
(11, 13, '13-Muhammad  Taufeeq.png', 'image/png', '60359', '100', '100', '2019-08-27 05:54:45', '2019-08-27 05:54:45'),
(12, 14, '14-Kabir  Ahmad.png', 'image/png', '78927', '100', '100', '2019-08-28 23:50:13', '2019-08-28 23:50:13'),
(13, 15, '15-Nazir  Ahmad.png', 'image/png', '72123', '100', '100', '2019-08-29 00:27:19', '2019-08-29 00:27:19'),
(14, 16, '16-Ali  Arslan.png', 'image/png', '80213', '100', '100', '2019-09-01 22:53:09', '2019-09-01 22:53:09'),
(15, 17, '17-Naveed  Anwar.png', 'image/png', '74461', '100', '100', '2019-09-01 23:08:52', '2019-09-01 23:08:52'),
(16, 18, '18-Muhammad Rafiq Khan.png', 'image/png', '84018', '100', '100', '2019-09-05 00:29:38', '2019-09-05 00:29:38'),
(17, 19, '19-Noman  Ahmad.png', 'image/png', '96894', '100', '100', '2019-09-12 02:11:41', '2019-09-12 02:11:41'),
(18, 20, '20-Muhammad  Ashraf.png', 'image/png', '39311', '100', '100', '2019-09-12 02:35:13', '2019-09-12 02:35:13'),
(19, 21, '21-Zamir  Abbas.png', 'image/png', '166707', '100', '100', '2019-09-19 05:22:41', '2019-09-23 05:05:36'),
(20, 22, '22-Muhammad  Asif.png', 'image/png', '164306', '100', '100', '2019-09-19 05:45:48', '2019-09-23 04:59:15'),
(21, 23, '23-Muhammad  Sultan.png', 'image/png', '186825', '100', '100', '2019-09-25 06:27:52', '2019-09-25 06:27:52'),
(22, 24, '24-Muhammad  Waqas.png', 'image/png', '130997', '100', '100', '2019-09-26 04:31:21', '2019-09-26 04:31:21'),
(23, 1, '1-Sohail  Afzal.png', 'image/png', '115457', '100', '100', '2019-10-03 02:59:28', '2019-10-03 02:59:28'),
(24, 27, '27-Malik Zulfiqar Ali.png', 'image/png', '178674', '100', '100', '2019-10-03 04:33:50', '2019-10-03 04:33:50'),
(25, 29, '29-Ch. Muhammad Khalil.png', 'image/png', '159080', '100', '100', '2019-10-08 05:52:02', '2019-10-08 05:52:02'),
(26, 28, '28-Abdul Majid  Rafi.png', 'image/png', '131545', '100', '100', '2019-10-09 06:35:32', '2019-10-09 06:35:32'),
(27, 30, '30-Muhammad Hafeez Minhas.png', 'image/png', '198224', '100', '100', '2019-10-09 06:38:25', '2019-10-09 06:38:25'),
(28, 31, '31-Farhan Ali Saffi.png', 'image/png', '153394', '100', '100', '2019-10-11 05:47:16', '2019-10-11 05:47:16'),
(29, 32, '32-Muhammad Tanvir Abbas.png', 'image/png', '133179', '100', '100', '2019-10-11 06:08:04', '2019-10-11 06:08:04'),
(30, 33, '33-Muhammad  Khaliq.png', 'image/png', '116645', '100', '100', '2019-10-16 04:21:44', '2019-10-16 04:21:44'),
(31, 34, '34-Iftikhar Ahmad Khan.png', 'image/png', '108931', '100', '100', '2019-10-16 04:52:10', '2019-10-16 04:52:10'),
(32, 36, '36-Syed Azhar Ali Shah.png', 'image/png', '143095', '100', '100', '2019-10-23 05:24:03', '2019-10-23 05:24:03'),
(33, 37, '37-Shahbaz  Sindhu.png', 'image/png', '115284', '100', '100', '2019-10-24 04:44:05', '2019-10-24 04:44:05'),
(34, 38, '38-Shafiqur  Rehman.png', 'image/png', '150645', '100', '100', '2019-10-24 04:48:00', '2019-10-24 04:48:00'),
(35, 39, '39-Hafiz Hashim Khan.png', 'image/png', '186844', '100', '100', '2019-10-25 04:11:29', '2019-10-25 04:11:29'),
(36, 41, '41-Inayat  Ullah.png', 'image/png', '192807', '100', '100', '2019-10-28 04:49:24', '2019-10-28 04:49:24'),
(37, 43, '43-Mehmood  Iqbal.png', 'image/png', '106411', '100', '100', '2019-10-29 04:44:33', '2019-10-29 04:44:33'),
(38, 44, '44-Muhammad Asif Sultan.png', 'image/png', '163974', '100', '100', '2019-10-30 04:14:11', '2019-10-30 04:14:11'),
(39, 45, '45-Khalid  Siraj.png', 'image/png', '153700', '100', '100', '2019-10-30 04:32:41', '2019-10-30 04:32:41'),
(40, 48, '48-Dubeer  Hussain.png', 'image/png', '171728', '100', '100', '2019-10-31 05:11:09', '2019-10-31 05:11:09'),
(41, 47, '47-Muhammad  Jamil.png', 'image/png', '131529', '100', '100', '2019-10-31 08:47:36', '2019-10-31 08:47:36'),
(42, 46, '46-Mirza Nadeem Baig.png', 'image/png', '135159', '100', '100', '2019-10-31 08:48:55', '2019-10-31 08:48:55'),
(43, 49, '49-Fayyaz Mehmood Karimi.png', 'image/png', '112559', '100', '100', '2019-11-04 04:25:08', '2019-11-04 04:25:08'),
(44, 50, '50-Zamir Hussain Shad.png', 'image/png', '91247', '100', '100', '2019-11-04 04:44:26', '2019-11-04 04:44:26'),
(45, 51, '51-Muhammad  Farhan.png', 'image/png', '136080', '100', '100', '2019-11-05 04:18:40', '2019-11-05 04:18:40'),
(46, 52, '52-Muhammad Ashraf Bhatti.png', 'image/png', '118130', '100', '100', '2019-11-05 04:32:11', '2019-11-05 04:32:11'),
(47, 53, '53-Rafae  Munir.png', 'image/png', '140135', '100', '100', '2019-11-06 04:59:20', '2019-11-06 04:59:20'),
(48, 54, '54-Kamal Haider Toor.png', 'image/png', '132941', '100', '100', '2019-11-07 04:48:49', '2019-11-07 04:48:49'),
(49, 55, '55-Haresh  Kumar.png', 'image/png', '86795', '100', '100', '2019-11-07 05:11:29', '2019-11-07 05:11:29'),
(50, 56, '56-Saif ur Rehman.png', 'image/png', '133369', '100', '100', '2019-11-08 05:08:28', '2019-11-08 05:08:28'),
(51, 57, '57-Malik Iqtadar Hussain.png', 'image/png', '185470', '100', '100', '2019-11-08 05:47:41', '2019-11-08 05:47:41'),
(52, 59, '59-Muhammad  Nawaz.png', 'image/png', '179615', '100', '100', '2019-11-11 04:32:42', '2019-11-11 04:32:42'),
(53, 61, '61-Ch. Atiq Ahmad.png', 'image/png', '103119', '100', '100', '2019-11-18 05:49:24', '2019-11-18 05:49:24');

--
-- Dumping data for table `postings`
--

INSERT INTO `postings` (`id`, `employee_id`, `designation_id`, `posting_date`, `project_id`, `joining_date`, `location`, `manager_id`, `created_at`, `updated_at`) VALUES
(1, 4, '1', '2013-10-14', 1, '2013-10-14', 'Lahore', 4, '2019-08-07 13:01:52', '2019-08-07 13:01:52'),
(2, 5, '7', '2018-09-03', 1, '2018-09-03', 'Lahore', 4, '2019-08-16 13:20:23', '2019-08-16 13:20:23'),
(3, 6, '3', '2017-05-02', 1, '2017-05-09', 'Lahore', 4, '2019-08-19 18:54:44', '2019-08-19 18:54:44'),
(4, 7, '2', '2000-08-12', 1, '2000-08-12', 'Lahore', 4, '2019-08-21 13:49:26', '2019-08-21 13:49:26'),
(5, 8, '18', '2005-05-12', 1, '2005-05-12', 'Lahore', 7, '2019-08-22 09:21:35', '2019-08-22 01:38:48'),
(7, 12, '34', '2013-10-14', 1, '2013-10-14', 'Lahore', 4, '2019-08-27 04:22:30', '2019-08-27 04:22:30'),
(8, 13, '29', '2007-01-01', 1, '2007-01-01', 'LAHORE', 7, '2019-08-27 06:17:56', '2019-08-27 06:17:56'),
(9, 14, '25', '2001-12-07', 1, '2001-12-07', 'Lahore', 7, '2019-08-28 23:57:48', '2019-08-28 23:57:48'),
(10, 16, '16', '2009-08-10', 1, '2009-08-11', 'Lahore', 2, '2019-09-02 23:26:41', '2019-10-01 12:40:39'),
(11, 17, '29', '2006-11-07', 1, '2006-11-07', 'Lahore', 7, '2019-09-03 02:43:21', '2019-09-03 02:43:21'),
(12, 3, '24', '2000-08-09', 1, '2019-08-09', NULL, 7, '2019-09-04 00:00:52', '2019-09-04 00:00:52'),
(13, 18, '35', '2005-12-31', 1, '2005-12-31', NULL, 7, '2019-09-05 00:56:39', '2019-09-05 00:56:39'),
(14, 19, '28', '2009-08-19', 1, '2009-08-19', NULL, 7, '2019-09-12 02:17:36', '2019-09-12 02:17:36'),
(15, 11, '35', '2000-08-09', 1, '2000-08-09', NULL, 7, '2019-09-19 05:33:45', '2019-09-19 05:33:45'),
(16, 22, '34', '2000-08-08', 1, '1998-08-08', NULL, 7, '2019-09-19 05:47:11', '2019-09-19 05:47:11'),
(18, 23, '37', '2004-09-06', 1, '2004-09-06', NULL, 7, '2019-09-25 09:46:28', '2019-10-02 03:00:53'),
(19, 24, '20', '2001-11-07', 1, '2001-11-07', NULL, 5, '2019-09-26 04:26:23', '2019-09-26 04:26:23'),
(22, 25, '30', '2007-02-01', 1, '2007-02-01', NULL, 5, '2019-09-30 04:51:07', '2019-09-30 04:51:07'),
(23, 26, '20', '2018-04-05', 1, '2018-04-10', NULL, 5, '2019-09-30 05:14:09', '2019-09-30 05:14:09'),
(25, 1, '28', '2001-09-01', 1, '2001-09-01', 'Lahore', 3, '2019-10-03 03:03:45', '2019-10-03 03:03:45'),
(26, 27, '39', '2009-06-12', 1, '2009-06-12', NULL, 7, '2019-10-03 04:51:44', '2019-10-03 04:51:44'),
(27, 28, '30', '2009-04-03', 1, '2009-04-03', NULL, 7, '2019-10-03 05:22:35', '2019-10-03 05:22:35'),
(28, 29, '40', '2012-01-13', 1, '2012-01-13', 'Lahore', 7, '2019-10-08 04:56:47', '2019-10-08 04:56:47'),
(29, 31, '35', '2005-11-29', 1, '2005-11-29', NULL, 7, '2019-10-11 05:52:14', '2019-10-11 05:52:14'),
(30, 33, '17', '2008-03-06', 14, '2008-03-10', NULL, 3, '2019-10-16 04:33:58', '2019-10-16 04:33:58'),
(31, 34, '17', '2010-05-14', 9, '2010-05-14', NULL, 3, '2019-10-16 04:55:38', '2019-10-16 04:55:38'),
(32, 36, '28', '2008-12-16', 9, '2008-10-16', NULL, 3, '2019-10-23 05:29:12', '2019-10-23 05:29:12'),
(33, 37, '35', '2009-08-13', 1, '2009-08-13', NULL, 7, '2019-10-24 04:28:40', '2019-10-24 04:28:40'),
(34, 38, '35', '2009-03-16', 1, '2009-03-16', NULL, 2, '2019-10-24 04:44:53', '2019-10-24 04:44:53'),
(35, 39, '28', '2006-05-31', 305, '2006-05-31', NULL, 2, '2019-10-25 04:15:52', '2019-10-25 04:15:52'),
(36, 40, '29', '2006-09-17', 306, '2006-09-27', NULL, 2, '2019-10-25 04:30:39', '2019-10-25 04:30:39'),
(37, 41, '29', '2002-10-07', 284, '2002-10-05', NULL, 2, '2019-10-28 04:53:07', '2019-10-28 04:53:07'),
(38, 42, '5', '2018-02-13', 1, '2018-02-13', NULL, 2, '2019-10-29 04:33:33', '2019-10-29 04:33:33'),
(39, 43, '32', '2001-10-17', 1, '2001-10-17', NULL, 2, '2019-10-29 04:47:21', '2019-10-29 04:47:21'),
(40, 45, '35', '2011-04-15', 1, '2011-04-15', NULL, 2, '2019-10-30 04:39:20', '2019-10-30 04:39:20'),
(41, 46, '35', '2009-08-17', 1, '2009-08-17', NULL, 2, '2019-10-31 04:21:29', '2019-10-31 04:21:29'),
(42, 47, '35', '2006-05-29', 306, '2006-05-29', NULL, 3, '2019-10-31 04:51:16', '2019-10-31 04:51:16'),
(43, 48, '35', '2001-08-31', 1, '2001-08-31', NULL, 2, '2019-10-31 05:03:37', '2019-10-31 05:03:37'),
(44, 49, '16', '2012-08-08', 7, '2012-08-08', NULL, 3, '2019-11-04 04:30:26', '2019-11-04 04:30:26'),
(45, 50, '4', '2004-08-25', 6, '2004-08-25', NULL, 3, '2019-11-04 04:55:32', '2019-11-04 04:55:32'),
(46, 51, '16', '2004-08-25', 6, '2004-08-25', NULL, 3, '2019-11-05 04:21:08', '2019-11-05 04:21:08'),
(47, 52, '13', '2006-08-24', 2, '2006-08-24', NULL, 3, '2019-11-05 04:36:04', '2019-11-05 04:36:04'),
(48, 53, '17', '2010-12-13', 49, '2010-12-14', NULL, 3, '2019-11-06 05:02:58', '2019-11-06 05:02:58'),
(49, 54, '18', '2007-03-15', 5, '2007-03-15', NULL, 3, '2019-11-07 04:58:19', '2019-11-07 04:58:19'),
(50, 55, '17', '2006-04-12', 7, '2006-04-12', NULL, 3, '2019-11-07 05:14:21', '2019-11-07 05:14:21'),
(51, 56, '9', '2008-11-08', 73, '2008-11-08', NULL, 3, '2019-11-08 05:10:54', '2019-11-08 05:10:54'),
(52, 57, '4', '2010-08-20', 73, '2010-08-20', NULL, 3, '2019-11-08 05:51:05', '2019-11-08 05:51:05'),
(53, 59, '5', '2001-09-11', 292, '2001-09-11', NULL, 2, '2019-11-11 04:34:35', '2019-11-11 04:34:35');

--
-- Dumping data for table `projects`
--

INSERT INTO `projects` (`id`, `name`, `type`, `client`, `commencement`, `contractual_completion`, `actual_completion`, `status`, `role`, `share`, `created_at`, `updated_at`) VALUES
(1, 'Overhead of the Company', 'Time Based', 'BARQAAB Consulting Services (Pvt.)', '2000-05-09', '2030-01-01', NULL, 'In Progres', 'Independent', '100', NULL, NULL),
(2, '500kV Gatti Grid Station Extension Project', 'Time Based', 'NTDC', '2019-01-14', '2015-07-13', NULL, 'In Progres', 'Independent', '100', NULL, NULL),
(3, '500kV Neelum-Jhelum Transmission Line Project', 'Time Based', 'NTDC', '2017-01-01', '2019-11-30', NULL, 'In Progres', 'JV Partner', '35', NULL, NULL),
(4, '500 kV Transmission Line From Muzaffargarh To Gatti Project', 'Time Based', 'NTDC', '2005-11-01', '2008-09-01', NULL, 'Completed', 'Independent', '100', '2019-08-26 22:37:19', '2019-08-26 22:37:19'),
(5, '500kV D.G Khan Allied Transmission Line of 500kV D.G Khan Grid Station (Part of GS Contract)', 'Time Based', 'NTDC', '2009-08-01', '2016-05-01', NULL, 'Completed', 'Independent', '100', '2019-08-26 22:37:20', '2019-08-26 22:37:20'),
(6, 'NTDC-KESC 500/220 kV Interconnection Project Associated Transmission Line (Part of GS Contract)', 'Time Based', 'NTDC', '2004-10-01', '2006-12-01', NULL, 'Completed', 'Independent', '100', '2019-08-26 22:37:20', '2019-08-26 22:37:20'),
(7, '500kV Shikarpur Grid Station Associated Transmission Line Project (Part of GS Contract)', 'Time Based', 'NTDC', '2011-01-01', '2017-03-01', NULL, 'Completed', 'Independent', '100', '2019-08-26 22:37:20', '2019-08-26 22:37:20'),
(8, '500kV Neelum-Jhelum Transmission Line Project', 'Time Based', 'NTDC', '2012-12-01', '2017-12-01', NULL, 'In Progress', 'JV Partner', '35% NESPAK Lead Firm', '2019-08-26 22:37:20', '2019-08-26 22:37:20'),
(9, '220kV Chishtian – Vehari Transmission Line (Part of GS Contract)', 'Time Based', 'NTDC', '2010-10-01', '2016-11-01', NULL, 'Completed', 'Independent', '100', '2019-08-26 22:37:20', '2019-08-26 22:37:20'),
(10, '220KV Chashma - Ludewala  Transmission Line ', 'Time Based', 'NTDC', '2008-07-01', '2011-04-01', NULL, 'Completed', 'Independent', '100', '2019-08-26 22:37:20', '2019-08-26 22:37:20'),
(11, '220KV Transmission Line From D.G Khan To Loralai Project', 'Time Based', 'NTDC', '2010-06-01', '2013-11-01', NULL, 'Completed', 'Independent', '100', '2019-08-26 22:37:20', '2019-08-26 22:37:20'),
(12, '220KV Double Circuit In/Out Arrangement At 220kv Shalamar GIS Substation (Part of GS Contract)', 'Time Based', 'NTDC', '2010-05-03', '2012-10-09', NULL, 'Completed', 'Independent', '100', '2019-08-26 22:37:20', '2019-08-26 22:37:20'),
(13, '220kV Kassowal AIS Grid Station Associated Transmission Line (Part of GS Contract)', 'Time Based', 'NTDC', '2009-09-01', '2011-07-01', NULL, 'Completed', 'Independent', '100', '2019-08-26 22:37:20', '2019-08-26 22:37:20'),
(14, '220KV Transmission Line From New 220kv Rohri Grid Station To 220kv Shikarpur Grid Station Project', 'Time Based', 'NTDC', '2008-08-05', '2012-09-30', NULL, 'Completed', 'Independent', '100', '2019-08-26 22:37:20', '2019-08-26 22:37:20'),
(15, '132KV Transmission Line From New 220kv Rohri Grid Station To 132kv Gambat Grid Station Project', 'Time Based', 'NTDC', '2008-08-06', '2011-12-15', NULL, 'Completed', 'Independent', '100', '2019-08-26 22:37:20', '2019-08-26 22:37:20'),
(16, '132kV Pir Wadhai to MES Transmission Line (IESCO)', 'Lumpsum', 'IESCO', '2012-06-30', '2013-02-24', NULL, 'Completed', 'Independent', '100', '2019-08-26 22:37:20', '2019-08-26 22:37:20'),
(17, '132 kV Rewat – Nilore  Transmission Line (IESCO)', 'Lumpsum', 'IESCO', '2012-05-21', '2013-01-15', NULL, 'Completed', 'Independent', '100', '2019-08-26 22:37:20', '2019-08-26 22:37:20'),
(18, '132 kV University to Nilore Transmission Line (Re-Modeling) (IESCO)', 'Lumpsum', 'IESCO', '2012-05-09', '2013-01-03', NULL, 'Completed', 'Independent', '100', '2019-08-26 22:37:20', '2019-08-26 22:37:20'),
(19, '132kV Rewat to Chakri Transmission Line (IESCO)', 'Lumpsum', 'IESCO', '2011-07-22', '2012-04-20', NULL, 'Completed', 'Independent', '100', '2019-08-26 22:37:20', '2019-08-26 22:37:20'),
(20, '132kV Murree to Minhasa Transmission Line (IESCO)', 'Lumpsum', 'IESCO', '2011-04-15', '2012-07-08', NULL, 'Completed', 'Independent', '100', '2019-08-26 22:37:20', '2019-08-26 22:37:20'),
(21, '132kV Tararkhal to Hajeera Transmission Line (IESCO)', 'Lumpsum', 'IESCO', '2011-04-15', '2012-07-08', NULL, 'Completed', 'Independent', '100', '2019-08-26 22:37:20', '2019-08-26 22:37:20'),
(22, '132kv Tararkhal to Palandari Transmission Line (IESCO)', 'Lumpsum', 'IESCO', '2011-04-15', '2012-08-09', NULL, 'Completed', 'Independent', '100', '2019-08-26 22:37:20', '2019-08-26 22:37:20'),
(23, '132kv Azad Pattan to Pallandri Transmission Line (IESCO)', 'Lumpsum', 'IESCO', '2011-04-15', '2012-08-09', NULL, 'Completed', 'Independent', '100', '2019-08-26 22:37:20', '2019-08-26 22:37:20'),
(24, '132kv Dhudial to Kotli Transmission Line (IESCO)', 'Lumpsum', 'IESCO', '2011-04-18', '2012-08-09', NULL, 'Completed', 'Independent', '100', '2019-08-26 22:37:20', '2019-08-26 22:37:20'),
(25, '132kv Choa Saiden Sha to Dandot Transmission Line (IESCO)', 'Lumpsum', 'IESCO', '2011-09-20', '2012-06-20', NULL, 'Completed', 'Independent', '100', '2019-08-26 22:37:20', '2019-08-26 22:37:20'),
(26, '132kv Fateh Jang to Pindi Gheb Transmission Line (IESCO)', 'Lumpsum', 'IESCO', '2011-01-29', '2012-04-23', NULL, 'Completed', 'Independent', '100', '2019-08-26 22:37:20', '2019-08-26 22:37:20'),
(27, '132kv Dandot to Pinanwal Transmission Line (IESCO)', 'Lumpsum', 'IESCO', '2011-02-22', '2012-04-08', NULL, 'Completed', 'Independent', '100', '2019-08-26 22:37:20', '2019-08-26 22:37:20'),
(28, 'NTDC-KESC 500/220 kV Interconnection Project ', 'Time Based', 'NTDC', '2004-10-01', '2006-12-01', NULL, 'Completed', 'Independent', '100', '2019-08-26 22:37:20', '2019-08-26 22:37:20'),
(29, '500kV Muzaffargarh And Gatti Grid Stations Extension Project (Part of T/L Contract)', 'Time Based', 'NTDC', '2005-11-01', '2008-12-01', NULL, 'Completed', 'Independent', '100', '2019-08-26 22:37:20', '2019-08-26 22:37:20'),
(30, '500KV Gatti Grid Station Extension Project', 'Time Based', 'NTDC', '2008-06-01', '2009-07-01', NULL, 'Completed', 'Independent', '100', '2019-08-26 22:37:20', '2019-08-26 22:37:20'),
(31, '500KV Lahore (Sheikhupura) Grid Station Extension Project', 'Time Based', 'NTDC', '2008-01-01', '2009-02-01', NULL, 'Completed', 'Independent', '100', '2019-08-26 22:37:20', '2019-08-26 22:37:20'),
(32, '500/220kV D.G Khan Substation ', 'Time Based', 'NTDC', '2009-08-01', '2016-05-01', NULL, 'Completed', 'Independent', '100', '2019-08-26 22:37:20', '2019-08-26 22:37:20'),
(33, '500/220Kv Ghazi Brotaha Grid Station Extension Project ', 'Time Based', 'NTDC', '2009-08-01', '2016-02-01', NULL, 'Completed', 'Independent', '100', '2019-08-26 22:37:20', '2019-08-26 22:37:20'),
(34, '500kV Shikarpur Grid Station Project', 'Time Based', 'NTDC', '2011-01-01', '2017-03-01', NULL, 'Completed', 'Independent', '100', '2019-08-26 22:37:20', '2019-08-26 22:37:20'),
(35, '220kV Chishtian & Vehari Grid Station', 'Time Based', 'NTDC', '2010-10-01', '2016-11-01', NULL, 'Completed', 'Independent', '100', '2019-08-26 22:37:20', '2019-08-26 22:37:20'),
(36, '220KV Chashma & Ludewala Grid Station Extension Project (Part of T/L Contract)', 'Time Based', 'NTDC', '2008-07-01', '2011-04-01', NULL, 'Completed', 'Independent', '100', '2019-08-26 22:37:21', '2019-08-26 22:37:21'),
(37, '220kV Hala Road Hyderabad Grid Station Extension Project', 'Time Based', 'NTDC', '2008-09-01', '2009-10-01', NULL, 'Completed', 'Independent', '100', '2019-08-26 22:37:21', '2019-08-26 22:37:21'),
(38, '220kV Bahawalpur Grid Station Extension Project', 'Time Based', 'NTDC', '2008-09-01', '2009-10-01', NULL, 'Completed', 'Independent', '100', '2019-08-26 22:37:21', '2019-08-26 22:37:21'),
(39, '220kV Yousafwala Grid Station Extension Project', 'Time Based', 'NTDC', '2008-09-01', '2009-09-01', NULL, 'Completed', 'Independent', '100', '2019-08-26 22:37:21', '2019-08-26 22:37:21'),
(40, '220kV Ludewala Grid Station Extension Project', 'Time Based', 'NTDC', '2009-01-01', '2009-08-01', NULL, 'Completed', 'Independent', '100', '2019-08-26 22:37:21', '2019-08-26 22:37:21'),
(41, '220kV GIS Wapda Town Grid Station Extension Project', 'Time Based', 'NTDC', '2009-02-01', '2011-06-01', NULL, 'Completed', 'Independent', '100', '2019-08-26 22:37:21', '2019-08-26 22:37:21'),
(42, '220kV Bannu Grid Station Extension Project', 'Time Based', 'NTDC', '2009-10-01', '2012-03-01', NULL, 'Completed', 'Independent', '100', '2019-08-26 22:37:21', '2019-08-26 22:37:21'),
(43, '220kV AIS Grid Station At Kassowal ', 'Time Based', 'NTDC', '2010-06-01', '2014-06-01', NULL, 'Completed', 'Independent', '100', '2019-08-26 22:37:21', '2019-08-26 22:37:21'),
(44, '220kV/132kV GIS Shalamar Substation ', 'Time Based', 'NTDC', '2008-11-01', '2014-03-01', NULL, 'Completed', 'Independent', '100', '2019-08-26 22:37:21', '2019-08-26 22:37:21'),
(45, '220kV Rohri Grid Station And Shikarpur Grid Station Project', 'Time Based', 'NTDC', '2010-02-01', '2013-06-01', NULL, 'Completed', 'Independent', '100', '2019-08-26 22:37:21', '2019-08-26 22:37:21'),
(46, '132kV GIS Saggian Grid Station Project', 'Lumpsum', 'LESCO', '2012-04-01', '2016-06-01', NULL, 'Completed', 'Independent', '100', '2019-08-26 22:37:21', '2019-08-26 22:37:21'),
(47, '132kV AIS Mominpura Gridstation Project', 'Lumpsum', 'LESCO', '2012-07-01', '2014-12-01', NULL, 'Completed', 'Independent', '100', '2019-08-26 22:37:21', '2019-08-26 22:37:21'),
(48, 'Three 132kV Grid Station Under 2nd Rural Electrification Project QESCO', 'Time Based', 'QESCO', '2008-05-01', '2013-08-01', NULL, 'Completed', 'Independent', '100', '2019-08-26 22:37:21', '2019-08-26 22:37:21'),
(49, '132kV Dandot Grid Station  under 6th STG & ELR Project IESCO', 'Lumpsum', 'IESCO', '2011-12-01', '2012-10-01', NULL, 'Completed', 'Independent', '100', '2019-08-26 22:37:21', '2019-08-26 22:37:21'),
(50, '132kV Pinanwal Grid Station  under 6th STG & ELR Project IESCO', 'Lumpsum', 'IESCO', '2011-01-03', '2012-11-15', NULL, 'Completed', 'Independent', '100', '2019-08-26 22:37:21', '2019-08-26 22:37:21'),
(51, '132kV Ahmadal Grid Station  under 6th STG & ELR Project IESCO', 'Lumpsum', 'IESCO', '2011-12-29', '2012-10-30', NULL, 'Completed', 'Independent', '100', '2019-08-26 22:37:21', '2019-08-26 22:37:21'),
(52, '132kV Pinidi Gheb Grid Station  under 6th STG & ELR Project IESCO', 'Lumpsum', 'IESCO', '2011-12-29', '2012-10-30', NULL, 'Completed', 'Independent', '100', '2019-08-26 22:37:21', '2019-08-26 22:37:21'),
(53, '132kV Hajeera Grid Station  under 6th STG & ELR Project IESCO', 'Lumpsum', 'IESCO', '2011-12-03', '2012-10-30', NULL, 'Completed', 'Independent', '100', '2019-08-26 22:37:21', '2019-08-26 22:37:21'),
(54, '132kV Palandari Grid Station  under 6th STG & ELR Project IESCO', 'Lumpsum', 'IESCO', '2011-12-03', '2012-10-30', NULL, 'Completed', 'Independent', '100', '2019-08-26 22:37:21', '2019-08-26 22:37:21'),
(55, '132kV Minhasa Grid Station  under 6th STG & ELR Project IESCO', 'Lumpsum', 'IESCO', '2011-12-29', '2012-10-30', NULL, 'Completed', 'Independent', '100', '2019-08-26 22:37:21', '2019-08-26 22:37:21'),
(56, '132kV Fateh Jang Grid Station  under 6th STG & ELR Project IESCO', 'Lumpsum', 'IESCO', '2011-12-29', '2012-10-30', NULL, 'Completed', 'Independent', '100', '2019-08-26 22:37:21', '2019-08-26 22:37:21'),
(57, '132kV Azad Pattan Grid Station  under 6th STG & ELR Project IESCO', 'Lumpsum', 'IESCO', '2011-12-29', '2012-10-30', NULL, 'Completed', 'Independent', '100', '2019-08-26 22:37:21', '2019-08-26 22:37:21'),
(58, '132kV Choa Saiden Shah Grid Station  under 6th STG & ELR Project IESCO', 'Lumpsum', 'IESCO', '2011-12-29', '2012-10-30', NULL, 'Completed', 'Independent', '100', '2019-08-26 22:37:21', '2019-08-26 22:37:21'),
(59, '132kV Tararkhal Grid Station  under 6th STG & ELR Project IESCO', 'Lumpsum', 'IESCO', '2011-12-29', '2012-10-30', NULL, 'Completed', 'Independent', '100', '2019-08-26 22:37:21', '2019-08-26 22:37:21'),
(60, '132kV Pirwadhai Grid Station  under 6th STG & ELR Project IESCO', 'Lumpsum', 'IESCO', '2011-12-29', '2012-10-30', NULL, 'Completed', 'Independent', '100', '2019-08-26 22:37:21', '2019-08-26 22:37:21'),
(61, '220Kv Loralai Grid Station Project', 'Time Based', 'NTDC', '2011-03-01', '2013-11-01', NULL, 'Completed', 'Independent', '100', '2019-08-26 22:37:21', '2019-08-26 22:37:21'),
(62, '220kV Dadu-Khuzadar TL System', 'Time Based', 'NTDC', '2006-12-01', '2015-06-01', NULL, 'Completed', 'JV Partner', '35% NESPAK Lead Firm', '2019-08-26 22:37:21', '2019-08-26 22:37:21'),
(63, '220kV Dadu-Khuzadar TL System', 'Time Based', 'NTDC', '2006-12-01', '2015-06-01', NULL, 'Completed', 'JV Partner', '35% NESPAK Lead Firm', '2019-08-26 22:37:21', '2019-08-26 22:37:21'),
(64, '132kV Bahwal Industrial Estate Grid Station Project', 'Lumpsum', 'PIE', '2016-03-01', '2018-06-01', NULL, 'In Progress', 'Independent', '100', '2019-08-26 22:37:21', '2019-08-26 22:37:21'),
(65, '132kV Rahim Yar Khan Industrial Estate Grid Station Project', 'Lumpsum', 'PIE', '2016-03-01', '2018-06-01', NULL, 'In Progress', 'Independent', '100', '2019-08-26 22:37:21', '2019-08-26 22:37:21'),
(66, '132kV Sundar Industrial Estate Grid Station Extension Project', 'Lumpsum', 'PIE', '2016-03-01', '2017-06-01', NULL, 'In Progress', 'Independent', '100', '2019-08-26 22:37:21', '2019-08-26 22:37:21'),
(67, '500kV Faisalabad West Grid Station and Transmission Line Project - Phase-I', 'Time Based', 'NTDC', '2016-03-17', '2017-10-01', NULL, 'Completed', 'Independent', '100', '2019-08-26 22:37:21', '2019-08-26 22:37:21'),
(68, '500kV Faisalabad West Grid Station and Transmission Line Project - Phase-II', 'Time Based', 'NTDC', '2016-03-17', '2017-10-01', NULL, 'Completed', 'Independent', '100', '2019-08-26 22:37:21', '2019-08-26 22:37:21'),
(69, '500KV Transmission Line for Dispersal of Power from Haveli Bahadur Shah Power Plant', 'Time Based', 'NTDC', '2016-07-18', '2018-03-01', NULL, 'Completed', 'Independent', '100', '2019-08-26 22:37:21', '2019-08-26 22:37:21'),
(70, '220kV Transmission Lines Included in Tranche-IV of Power Transmission Enhancement Investment Program', 'Time Based', 'NTDC', '2017-03-10', '2019-08-01', NULL, 'In Progress', 'Independent', '100', '2019-08-26 22:37:21', '2019-08-26 22:37:21'),
(71, '220kV Grid StationsIncluded in Tranche-IV of Power Transmission Enhancement Investment Program', 'Time Based', 'NTDC', '2017-03-10', '2019-06-01', NULL, 'In Progress', 'Independent', '100', '2019-08-26 22:37:21', '2019-08-26 22:37:21'),
(72, '220kv Transmission Lines and 220kV Toba Tek Singh Grid Station Extension Works for the Evacuation of Power from 1230MW RLNG Based Power Plant at Trimmu', 'Time Based', 'NTDC', '2017-09-01', '2018-08-01', NULL, 'Completed', 'Independent', '100', '2019-08-26 22:37:21', '2019-08-26 22:37:21'),
(73, '±660kV 4000MW Bipole HVdc Matiari-Lahore Transmission Project ', 'Time Based', 'NTDC', '2018-03-06', '2020-03-01', NULL, 'In Progress', 'JV Partner', 'JV with Hatch and ACE', '2019-08-26 22:37:21', '2019-08-26 22:37:21'),
(74, 'MEPCO 132kV Grid Stations Project', 'Lumpsum', 'MEPCO', '2017-12-01', '2019-11-01', NULL, 'In Progress', 'Independent', '100', '2019-08-26 22:37:21', '2019-08-26 22:37:21'),
(75, 'MEPCO 132kV Transmission Lines Project', 'Lumpsum', 'MEPCO', '2017-12-01', '2019-11-01', NULL, 'In Progress', 'Independent', '100', '2019-08-26 22:37:21', '2019-08-26 22:37:21'),
(76, 'FESCO 132kV T/L Survey Project', 'Lumpsum', 'FESCO', '2018-02-01', '2018-05-01', NULL, 'Completed', 'Independent', '100', '2019-08-26 22:37:21', '2019-08-26 22:37:21'),
(77, '132kV GIS (MOC) DHA Lahore Grid Station & T/L', 'Lumpsum', 'DHA', '2018-05-01', '2019-09-01', NULL, 'In Progress', 'Independent', '100', '2019-08-26 22:37:21', '2019-08-26 22:37:21'),
(78, '500kV Quad Bundle D/C Transmission Line from HUBCO Power Plant to Jamshoro Grid Station', 'Time Based', 'NTDC', '2018-08-01', '2019-09-01', NULL, 'In Progress', 'JV Partner', '0.35', '2019-08-26 22:37:21', '2019-08-26 22:37:21'),
(79, '132kV DHA-1 Grid Station Extension and 132kV Creek City Grid Stations Extension Project, DHA Karachi', 'Time Based', 'DHA, Karachi', '2018-10-01', '2019-05-01', NULL, 'In Progress', 'Lead Partner', '0.4', '2019-08-26 22:37:21', '2019-08-26 22:37:21'),
(283, 'Feasibility Study of Mangla Dam Raising Project', 'Time Based', 'WAPDA', '2000-12-31', '2002-07-31', NULL, 'Completed', 'JV', NULL, '2019-10-11 08:53:45', '2019-10-11 08:53:45'),
(284, 'Greater Thal Canal Project - Detail Engineering Studies, Tender Documents and Construction Supervision', 'Time Based', 'WAPDA', '2001-08-16', '2013-06-30', NULL, 'Completed', 'JV', NULL, '2019-10-11 08:54:53', '2019-10-11 08:54:53'),
(285, 'Sanjwal – Akhori Dam Complex Project – Appraisal Study', 'Time Based', 'WAPDA', '2001-01-10', NULL, NULL, 'Completed', 'Independent', NULL, '2019-10-11 08:54:53', '2019-10-11 08:54:53'),
(286, 'Feasibility Study of Diamer Basha Dam Project', 'Time Based', 'WAPDA', '2002-01-06', '2004-07-31', NULL, 'Completed', 'JV', NULL, '2019-10-11 08:54:53', '2019-10-11 08:54:53'),
(287, 'Chashma Right Bank Canal (Lift cum Gravity) Project - Detail Design and Tender Documents', 'Time Based', 'WAPDA', '2002-01-06', '2004-01-31', NULL, 'Completed', 'JV', NULL, '2019-10-11 08:54:53', '2019-10-11 08:54:53'),
(288, 'Preparation of Contract Documents of Preparatory Works in Mirani Dam Project', 'Time Based', 'WAPDA', '2002-06-15', '2007-06-30', NULL, 'Completed', NULL, NULL, '2019-10-11 08:54:53', '2019-10-11 08:54:53'),
(289, 'Detailed Engineering Design, Tender Documentation and Construction Supervision of Mangla Dam Raising Project', 'Time Based', 'WAPDA', '2002-08-24', '2015-12-31', NULL, 'Completed', 'JV', NULL, '2019-10-11 08:54:53', '2019-10-11 08:54:53'),
(290, 'Expansion Work of Power Transformer Reclamation Workshop, Kotlakhpat, Lahore', 'Missing', 'Missing', '2002-01-08', NULL, NULL, 'Completed', NULL, NULL, '2019-10-11 08:54:53', '2019-10-11 08:54:53'),
(291, 'Chiniot Dam Project - Appraisal Study', 'Time Based', 'WAPDA', '2002-01-10', '2003-02-28', NULL, 'Completed', 'Independent', NULL, '2019-10-11 08:54:53', '2019-10-11 08:54:53'),
(292, 'Detail Engineering Design, Tender Documents & Construction Supervision of Rainee Canal Project', 'Time Based', 'WAPDA', '2002-01-10', '2014-12-31', NULL, 'Completed', 'Independent', NULL, '2019-10-11 08:54:54', '2019-10-11 08:54:54'),
(293, 'Implementation of Indus River Tributaries High Head Hydropower Complex and Grid Stations at; 72 MW, Khan Khwar; 130 MW, Duber Khwar; 121 MW, Allai Khwar', 'Time Based', 'WAPDA', '2002-01-11', '2015-12-31', NULL, 'Completed', 'JV', NULL, '2019-10-11 08:54:54', '2019-10-11 08:54:54'),
(294, 'Upgradation and Relocation of Karakorum Highway (KKH) for Basha Dam Project', 'Time Based', 'WAPDA', '2002-12-13', '2004-06-30', NULL, 'Completed', 'JV', NULL, '2019-10-11 08:54:54', '2019-10-11 08:54:54'),
(295, 'Construction of Spillway, Lined Channel and Appurtement Structure on Spillway Project - Rasul Hydel Power Station', 'Time Based', 'WAPDA', '2003-01-01', '2005-01-31', NULL, 'Completed', 'Independent', NULL, '2019-10-11 08:54:54', '2019-10-11 08:54:54'),
(296, 'Kachhi Canal Project  - Detail Design, Tender Documents, Performance Evaluation for Hill Torrent Management and Feasibility Studies for Drainage Measures', 'Time Based', 'WAPDA', '2003-04-12', NULL, NULL, 'On-Going', 'JV', NULL, '2019-10-11 08:54:54', '2019-10-11 08:54:54'),
(297, 'Dhok Pathan and Akhori Dam Projects - Appraisal Study', 'Time Based', 'WAPDA', '2004-01-01', '2005-09-30', NULL, 'Completed', 'Independent', NULL, '2019-10-11 08:54:54', '2019-10-11 08:54:54'),
(298, 'Feasibility Study and Detailed Design for Khokhra & LBDC Low Head Hydropower Projects in Punjab and Preparation of Policy Framework for Punjab', 'Lumpsum', 'Missing', '2004-01-08', '2006-02-28', NULL, 'Completed', 'JV', NULL, '2019-10-11 08:54:54', '2019-10-11 08:54:54'),
(299, 'Feasibility Study of Five Small Dams (Package-B) comprising of Ghole Dam, Mardan Khel Dam, Lawagarh Dam, Karak Dam and Bharooch Dam in District Karak', 'Lumpsum', 'Irrigation and Power Department, KPK', '2005-01-04', '2006-01-31', NULL, 'Completed', 'JV', NULL, '2019-10-11 08:54:54', '2019-10-11 08:54:54'),
(300, 'Feasibility Study of Three Small Dams (Package-C) comprising of Darmalak Dam, Nak Band Dam and Surgal Dam in District Karak', 'Lumpsum', 'Irrigation and Power Department, KPK', '2005-01-04', '2006-01-31', NULL, 'Completed', 'JV', NULL, '2019-10-11 08:54:54', '2019-10-11 08:54:54'),
(301, 'Feasibility Study of Three Small Dams (Package-D) comprising of Tura Warai Dam District Hangu, Rehmat Abad Dam District Karak and Sumari Payan Dam in District Kohat', 'Lumpsum', 'Irrigation and Power Department, KPK', '2005-01-04', '2006-01-31', NULL, 'Completed', 'JV', NULL, '2019-10-11 08:54:54', '2019-10-11 08:54:54'),
(302, 'Review of Feasibility Report, Engineering Design and Tender Drawings / Documents of Basha Diamer Dam Project ', 'Time Based', 'WAPDA', '2005-11-07', '2016-06-30', NULL, 'Completed', 'JV', NULL, '2019-10-11 08:54:54', '2019-10-11 08:54:54'),
(303, 'Feasibility Report of Ghabir Dam Project', 'Time Based', 'WAPDA', '2005-01-07', '2006-06-30', NULL, 'Completed', 'JV', NULL, '2019-10-11 08:54:54', '2019-10-11 08:54:54'),
(304, 'Feasibility Study of 3 No. Dams and Water Harvesting Schemes in Fata', 'Lumpsum', 'Irrigation and Hydel Power Directorate', '2006-01-01', '2007-01-31', NULL, 'Completed', 'JV', NULL, '2019-10-11 08:54:54', '2019-10-11 08:54:54'),
(305, 'Sukleji Dam Project - Feasibility Study, Detail Design and Tender Documents', 'Time Based', 'WAPDA', '2006-01-06', '2008-03-31', NULL, 'Completed', 'Independent', NULL, '2019-10-11 08:54:54', '2019-10-11 08:54:54'),
(306, 'Winder Dam Project - Feasibility Study, Detail Design and Tender Documents', 'Time Based', 'WAPDA', '2006-01-06', '2007-08-31', NULL, 'Completed', 'Independent', NULL, '2019-10-11 08:54:54', '2019-10-11 08:54:54'),
(307, 'Feasibility Study, Detail Design and Tender Documents of Naulong Dam Project', 'Time Based', 'WAPDA', '2006-01-12', '2009-03-31', NULL, 'Completed', 'JV', NULL, '2019-10-11 08:54:54', '2019-10-11 08:54:54'),
(308, 'Detail Design and Construction Supervision of 4 Dams (Mardan Khel, Karak Dam, Loughar Dam, Ghole Banda Dam) in District Karak KPK under Package-A', 'Lumpsum', 'Small Dam Organization Irrigation and Power Department ', '2007-01-06', '2010-01-01', NULL, 'Completed', 'JV', NULL, '2019-10-11 08:54:54', '2019-10-11 08:54:54'),
(309, '20 MW Marala Low Head Hydropower Project - Feasibility Study', 'Lumpsum', 'Habib Rafiq (Pvt.) Ltd.', '2008-01-04', '2008-11-30', NULL, 'Completed', 'Independent', NULL, '2019-10-11 08:54:54', '2019-10-11 08:54:54'),
(310, 'Preparation of Feasibility Report - 20 MW Rasul Low Head Hydropower Project', 'Time Based', 'Habib Rafiq (Pvt.) Ltd.', '2008-01-04', '2009-07-31', NULL, 'Completed', 'Independent', NULL, '2019-10-11 08:54:54', '2019-10-11 08:54:54'),
(311, 'Feasibility Study of 20MW Low Head Hydropower Project at Punjnad Barrage on river Chenab', 'Time Based', 'Missing', '2008-01-04', '2008-09-30', NULL, 'Completed', 'Independent', NULL, '2019-10-11 08:54:54', '2019-10-11 08:54:54'),
(312, 'Preparation of updated Design & PC-1 of Garuk Dam Project', 'Time Based', 'WAPDA', '2009-01-08', '2010-04-30', NULL, 'Completed', 'Independent', NULL, '2019-10-11 08:54:54', '2019-10-11 08:54:54'),
(313, 'Right Bank Outfall Drain (RBOD-III) - Detail Design, Feasibility Studies and Construction Supervision', 'Time Based', 'WAPDA', '2004-01-07', '2009-12-31', NULL, 'Completed', 'JV', NULL, '2019-10-11 08:54:54', '2019-10-11 08:54:54'),
(314, 'Feasibility Study, Detail Engineering Design, Tender Documents and PC-1 of Rohri Canal, Dadu Canal and Rice Canal In Sindh Province', 'Time Based', 'WAPDA', '2009-01-07', '2013-08-31', NULL, 'Completed', 'JV', NULL, '2019-10-11 08:54:54', '2019-10-11 08:54:54'),
(315, 'Preparation of updated Design & PC-1 of Pelar Dam Project', 'Time Based', 'WAPDA', '2009-01-08', '2010-05-31', NULL, 'Completed', 'Independent', NULL, '2019-10-11 08:54:54', '2019-10-11 08:54:54'),
(316, 'Feasibility Study of Mangla Marala Link Canal (MMLC) Project', 'Time Based', 'WAPDA', '2010-01-07', '2011-06-30', NULL, 'Completed', 'Independent', NULL, '2019-10-11 08:54:54', '2019-10-11 08:54:54'),
(317, 'Flood Damages Restoration Project Sub Work 1: FDRD/IRR Package-1 (Design Review and Construciton Supervision of Munda Headworks Lower Swat Canal)', 'Time Based', 'Flood Damages restoration directorate (FDRD), Irrigation Department KPK', '2011-03-21', '2012-04-24', NULL, 'Completed', 'JV', NULL, '2019-10-11 08:54:54', '2019-10-11 08:54:54'),
(318, 'Feasibility Study, Detail Design and Construction Supervision of Bahadur Khel Dam, District Nowshera & Surkhwai Dam, Mardan-Package-M', 'Lumpsum', 'Small Dam Organization Irrigation and Power Department ', '2011-01-06', '2012-02-28', NULL, 'Completed', 'JV', NULL, '2019-10-11 08:54:54', '2019-10-11 08:54:54'),
(319, 'Management Consultancy Services for 84 MW Matiltan Hydropower Project District Swat', 'Time Based', 'Pukhtunkhwa Hydel Development Organization (PHYDO)', '2012-04-17', NULL, NULL, 'On-Going', 'JV', NULL, '2019-10-11 08:54:54', '2019-10-11 08:54:54'),
(320, 'Feasibility Study of Kathai-II Hydropower Project District Hattian (Azad Jammu & Kashmir)', 'Time Based', 'M/S Agro Industrial Solutions', '2012-01-05', '2013-02-28', NULL, 'Completed', 'Independent', NULL, '2019-10-11 08:54:54', '2019-10-11 08:54:54'),
(321, 'Preparation of Feasibility Study for Nai Gaj Dam Project', 'Time Based', 'WAPDA', '2012-03-05', '2015-04-05', NULL, 'Completed', NULL, NULL, '2019-10-11 08:54:54', '2019-10-11 08:54:54'),
(322, 'Consultancy Services for Construction Supervision of New Khanki Barrage and Auxiliary Works', 'Time Based', 'Punjab Irrigation Deptt.', '2013-02-21', '2017-02-20', NULL, 'Completed', 'JV', NULL, '2019-10-11 08:54:54', '2019-10-11 08:54:54'),
(323, 'Feasibility Study, Detail Design and Construction Supervision of Kuhai Dam Project', 'Time Based', 'Directorate General Small Dams Organization – Irrigation Department, Government of Khyber Pakhtunkhwa', '2014-01-01', '2014-06-30', NULL, 'Completed', 'JV', NULL, '2019-10-11 08:54:54', '2019-10-11 08:54:54'),
(324, 'Remedial Measures to Control Water Logging due to Muzaffargarh &T.P. Link Canals', 'Time Based', 'WAPDA', '2014-04-30', '2018-04-30', NULL, 'On-Going', 'JV', NULL, '2019-10-11 08:54:54', '2019-10-11 08:54:54'),
(325, 'Construction Supervision for Pakpattan Canal and Sulemanki Barrage Improvement Project', 'Time Based', 'Punjab Irrigation Department', '2014-02-04', NULL, NULL, 'On-Going', 'JV', NULL, '2019-10-11 08:54:54', '2019-10-11 08:54:54'),
(326, 'Fire Safety Measures for Various Types of Buildings under Jurisdiction of LDA', 'Lumpsum', 'LDA', '2014-08-21', '2014-11-30', NULL, 'Completed', 'Independent', NULL, '2019-10-11 08:54:54', '2019-10-11 08:54:54'),
(327, 'Feasibility Study of Dadhocha Dam Project', 'Time Based', 'Government of the Punjab, Irrigation Department Punjab', '2014-07-11', '2015-10-31', NULL, 'Completed', 'Independent', NULL, '2019-10-11 08:54:54', '2019-10-11 08:54:54'),
(328, 'Detailed Survey, Design Work and Construction Supervision of Concrete Canal Lining and Rehabilitation of Jamrao Canal System', 'Time Based', 'Nara Canal Area Water Board', '2015-12-06', '2016-12-05', NULL, 'Completed', 'JV', NULL, '2019-10-11 08:54:54', '2019-10-11 08:54:54'),
(329, 'Remodelling of SMB Link Canal Enhancing of Mailsi Syphon Project', 'Time Based', 'Punjab Irrigation Department', '2015-01-01', NULL, NULL, 'On-Going', 'JV', NULL, '2019-10-11 08:54:54', '2019-10-11 08:54:54'),
(330, 'Consulting Services for Carrying Out Third Party Monitoring and Evaluation of M&R Works for FYs 2015-18', 'Time Based', 'Punjab Irrigation Department', '2016-01-01', NULL, NULL, 'Completed', 'Independent', NULL, '2019-10-11 08:54:54', '2019-10-11 08:54:54'),
(331, 'Feasibility Study for Remodelling of Upper Jhelum Canal', 'Time Based', 'Punjab Irrigation Department', '2016-10-01', NULL, NULL, 'Completed', 'JV', NULL, '2019-10-11 08:54:54', '2019-10-11 08:54:54'),
(332, 'Updating of Feasibility Study Report for 20mw Rasul Low Head Hydropower Project ', 'Time Based', 'S2 Hydro (Pvt.) Limited', '2016-03-25', '2016-07-31', NULL, 'Completed', 'Independent', NULL, '2019-10-11 08:54:55', '2019-10-11 08:54:55'),
(333, 'Flood Emergency Reconstruction and Resilience Project', 'Lumpsum', 'Missing', '2016-04-07', NULL, NULL, 'Completed', 'JV', NULL, '2019-10-11 08:54:55', '2019-10-11 08:54:55'),
(334, 'Feasibility Study of 5 Mini Hydro Power Sites', 'Lumpsum', 'Directorate of Power Projects, Energy Department Government of the Punjab', '2016-11-23', '2017-04-22', NULL, 'Completed', 'Independent', NULL, '2019-10-11 08:54:55', '2019-10-11 08:54:55'),
(335, 'Construction Supervision of Sanam Dam District Lower Dir', 'Time Based', 'Small Dam Organization Irrigation and Power Department ', '2017-12-20', '2019-12-31', NULL, 'Suspended', 'JV', NULL, '2019-10-11 08:54:55', '2019-10-11 08:54:55'),
(336, 'ESIA studies related to (1) 220/132 kV Gharo Substation project and (2) 500/220/132 kV Chakwal Substation project', 'Lumpsum', 'Missing', '2018-09-13', NULL, NULL, 'Completed', 'JV', NULL, '2019-10-11 08:54:55', '2019-10-11 08:54:55'),
(337, 'Consultancy Services for Project Management Support, Monitoring & Evaluation and Supervision of Environment & Social Management Plans for Dasu Hydropower Project', 'Time Based', 'Punjab Irrigation Department', '2019-01-25', NULL, NULL, 'On-Going', 'JV', NULL, '2019-10-11 08:54:55', '2019-10-11 08:54:55'),
(338, 'Jalalpur Irrigation Project (JIP)', 'Time Based', 'Punjab Irrigation Department', '2019-04-29', NULL, NULL, 'On-Going', 'JV', NULL, '2019-10-11 08:54:55', '2019-10-11 08:54:55');

--
-- Dumping data for table `promotions`
--

INSERT INTO `promotions` (`id`, `employee_id`, `designation_id`, `effective_date`, `category`, `grade`, `promotion_remarks`, `created_at`, `updated_at`) VALUES
(1, 6, 3, '2018-03-01', NULL, NULL, 'Promoted as same position and Grade-02 in Cat-A with all facilities', '2019-08-19 18:47:51', '2019-08-19 18:48:16'),
(2, 6, 3, '2018-09-27', NULL, NULL, 'Promoted in Grade 1 with two increments on same Designation', '2019-08-19 18:53:10', '2019-08-19 18:53:10'),
(3, 7, 2, '2001-09-01', NULL, NULL, 'Promoted from Grade-2 to Grade-1', '2019-08-22 05:56:28', '2019-08-22 05:56:28'),
(4, 16, 18, '2016-06-09', NULL, NULL, 'From Grade-9 to Grade-8 vide Office Order No. BQB/Admin/MA/445 dated June 09, 2016', '2019-09-01 23:03:17', '2019-09-02 02:49:18'),
(5, 16, 16, '2014-12-31', NULL, NULL, 'Regular Category-A Grade-9 with two increments vide Office Order No. BQB/MA/09-19/115 dated March 09, 2015', '2019-09-02 02:48:09', '2019-09-02 23:12:02'),
(6, 3, 24, '2005-05-17', NULL, NULL, 'Upgrading from Grade-11 to Grade-10 vide Office Order No. BQB/A/03/05/MA/374 dated May 17, 2005', '2019-09-04 00:15:38', '2019-09-04 23:54:51'),
(7, 19, 28, '2015-03-09', NULL, NULL, NULL, '2019-09-12 02:22:04', '2019-09-12 02:22:04'),
(8, 20, 35, '2001-06-23', NULL, NULL, NULL, '2019-09-12 02:39:26', '2019-09-12 02:39:26'),
(9, 21, 34, '2009-11-12', NULL, NULL, NULL, '2019-09-19 05:36:29', '2019-09-19 05:36:29'),
(11, 11, 34, '2010-01-01', NULL, NULL, 'Promote from Utility Person to Driver with Grade-12', '2019-09-19 05:40:52', '2019-09-19 05:40:52'),
(12, 22, 34, '2001-08-31', NULL, NULL, NULL, '2019-09-19 05:50:25', '2019-09-19 05:50:25'),
(13, 23, 37, '2005-04-01', NULL, NULL, NULL, '2019-09-25 09:59:32', '2019-09-25 09:59:32'),
(14, 24, 20, '2004-03-03', NULL, NULL, NULL, '2019-09-26 10:00:14', '2019-09-26 10:00:14'),
(15, 24, 20, '2007-06-16', NULL, NULL, NULL, '2019-09-26 10:01:05', '2019-09-26 10:01:05'),
(16, 24, 38, '2010-02-03', NULL, NULL, NULL, '2019-09-26 10:05:12', '2019-09-26 10:05:12'),
(17, 24, 38, '2016-06-09', NULL, NULL, NULL, '2019-09-26 10:05:49', '2019-09-26 10:05:49'),
(18, 25, 20, '2010-07-01', NULL, NULL, NULL, '2019-09-30 04:56:08', '2019-09-30 04:56:08'),
(19, 25, 20, '2014-02-27', NULL, NULL, NULL, '2019-09-30 04:59:23', '2019-09-30 04:59:23'),
(20, 27, 26, '2010-07-01', NULL, NULL, NULL, '2019-10-03 04:58:23', '2019-10-03 04:58:23'),
(21, 27, 26, '2014-02-27', NULL, NULL, NULL, '2019-10-03 04:59:27', '2019-10-03 04:59:27'),
(22, 28, 30, '2015-03-15', NULL, NULL, NULL, '2019-10-03 05:33:04', '2019-10-03 05:33:04'),
(23, 31, 32, '2009-04-19', NULL, NULL, NULL, '2019-10-11 05:58:26', '2019-10-11 05:58:26'),
(24, 32, 15, '2006-12-27', NULL, NULL, NULL, '2019-10-11 06:26:12', '2019-10-11 06:26:12'),
(25, 32, 13, '2014-03-12', NULL, NULL, NULL, '2019-10-11 06:27:35', '2019-10-11 06:27:35'),
(26, 32, 8, '2016-06-29', NULL, NULL, NULL, '2019-10-11 06:28:59', '2019-10-11 06:28:59'),
(27, 33, 17, '2009-07-09', NULL, NULL, NULL, '2019-10-16 04:41:33', '2019-10-16 04:41:33'),
(28, 36, 28, '2018-05-28', NULL, NULL, NULL, '2019-10-23 05:33:31', '2019-10-23 05:33:31'),
(29, 37, 35, '2012-07-06', NULL, NULL, NULL, '2019-10-24 04:35:09', '2019-10-24 04:35:09'),
(30, 37, 34, '2016-06-09', NULL, NULL, NULL, '2019-10-24 04:36:22', '2019-10-24 04:36:22'),
(31, 39, 28, '2016-11-01', NULL, NULL, NULL, '2019-10-25 04:18:48', '2019-10-25 04:18:48'),
(32, 40, 29, '2015-03-09', NULL, NULL, NULL, '2019-10-25 04:34:02', '2019-10-25 04:34:02'),
(33, 43, 32, '2010-01-01', NULL, NULL, NULL, '2019-10-29 04:56:33', '2019-10-29 04:56:33'),
(34, 45, 35, '2019-10-17', NULL, NULL, NULL, '2019-10-30 04:41:26', '2019-10-30 04:41:26'),
(35, 49, 16, '2016-04-27', NULL, NULL, NULL, '2019-11-04 04:37:15', '2019-11-04 04:37:15'),
(36, 50, 4, '2009-01-14', NULL, NULL, NULL, '2019-11-04 04:59:18', '2019-11-04 04:59:18'),
(37, 53, 17, '2015-04-01', NULL, NULL, NULL, '2019-11-06 05:07:21', '2019-11-06 05:07:21'),
(38, 54, 18, '2015-03-09', NULL, NULL, NULL, '2019-11-07 05:01:10', '2019-11-07 05:01:10'),
(39, 55, 17, '2006-06-09', NULL, NULL, NULL, '2019-11-07 05:18:31', '2019-11-07 05:18:31'),
(40, 56, 9, '2012-09-14', NULL, NULL, NULL, '2019-11-08 05:42:00', '2019-11-08 05:42:00'),
(41, 57, 4, '2016-04-27', NULL, NULL, NULL, '2019-11-08 05:54:21', '2019-11-08 05:54:21'),
(42, 58, 13, '2012-09-14', NULL, NULL, NULL, '2019-11-11 04:24:39', '2019-11-11 04:24:39'),
(43, 59, 4, '2011-06-07', NULL, NULL, NULL, '2019-11-11 04:43:28', '2019-11-11 04:43:28'),
(44, 60, 35, '2008-02-20', NULL, NULL, NULL, '2019-11-14 04:26:12', '2019-11-14 04:26:12'),
(45, 61, 41, '2015-03-09', NULL, NULL, NULL, '2019-11-18 06:01:46', '2019-11-18 06:01:46'),
(46, 61, 41, '2016-06-09', NULL, NULL, NULL, '2019-11-18 06:03:56', '2019-11-18 06:03:56');

--
-- Dumping data for table `roles`
--

INSERT INTO `roles` (`id`, `name`, `guard_name`, `created_at`, `updated_at`) VALUES
(1, 'User', 'web', '2019-11-18 09:43:10', '2019-11-18 09:43:10'),
(2, 'Manager', 'web', '2019-11-18 09:43:11', '2019-11-18 09:43:11'),
(3, 'HR Assistant', 'web', '2019-11-18 09:43:11', '2019-11-18 09:43:11'),
(4, 'HR Manager', 'web', '2019-11-18 09:43:11', '2019-11-18 09:43:11'),
(5, 'Super Admin', 'web', '2019-11-18 09:43:11', '2019-11-18 09:43:11');

--

-- Dumping data for table `salaries`
--

INSERT INTO `salaries` (`id`, `employee_id`, `basic_pay`, `house_rent`, `dearness_allowance`, `adhoc_2009`, `adhoc_2010`, `adhoc_2012`, `adhoc_2013`, `field_allowance`, `other_allowance`, `total`, `promotion_id`, `salary_remarks`, `created_at`, `updated_at`) VALUES
(1, 5, NULL, NULL, NULL, NULL, NULL, NULL, NULL, NULL, NULL, 214675, NULL, NULL, '2019-08-16 13:18:52', '2019-08-16 13:18:52'),
(2, 6, NULL, NULL, NULL, NULL, NULL, NULL, NULL, NULL, NULL, 206934, NULL, NULL, '2019-08-19 18:43:23', '2019-08-19 18:43:23'),
(3, 6, NULL, NULL, NULL, NULL, NULL, NULL, NULL, NULL, NULL, 206934, 1, NULL, '2019-08-19 18:47:51', '2019-08-19 18:47:51'),
(4, 6, NULL, NULL, NULL, NULL, NULL, NULL, NULL, NULL, NULL, 242725, 2, NULL, '2019-08-19 18:53:11', '2019-08-19 18:53:11'),
(5, 8, NULL, NULL, NULL, NULL, NULL, NULL, NULL, NULL, NULL, 22680, NULL, NULL, '2019-08-22 09:11:14', '2019-08-22 09:11:14'),
(6, 7, NULL, NULL, NULL, NULL, NULL, NULL, NULL, NULL, NULL, 43750, NULL, NULL, '2019-08-22 05:52:46', '2019-08-22 05:52:46'),
(7, 7, NULL, NULL, NULL, NULL, NULL, NULL, NULL, NULL, NULL, 49000, 3, NULL, '2019-08-22 05:56:28', '2019-08-22 05:56:28'),
(8, 12, NULL, NULL, NULL, NULL, NULL, NULL, NULL, NULL, NULL, 22725, NULL, NULL, '2019-08-27 04:19:03', '2019-08-27 04:19:03'),
(9, 16, NULL, NULL, NULL, NULL, NULL, NULL, NULL, NULL, NULL, 45199, NULL, NULL, '2019-09-01 22:59:32', '2019-09-02 02:41:59'),
(10, 16, NULL, NULL, NULL, NULL, NULL, NULL, NULL, NULL, NULL, 95293, 4, NULL, '2019-09-01 23:03:17', '2019-09-02 02:50:48'),
(11, 17, NULL, NULL, NULL, NULL, NULL, NULL, NULL, NULL, NULL, 51420, NULL, NULL, '2019-09-01 23:18:10', '2019-09-01 23:18:10'),
(12, 16, NULL, NULL, NULL, NULL, NULL, NULL, NULL, NULL, NULL, 76593, 5, NULL, '2019-09-02 02:48:10', '2019-09-02 02:48:10'),
(13, 3, NULL, NULL, NULL, NULL, NULL, NULL, NULL, NULL, NULL, 6000, NULL, NULL, '2019-09-03 23:58:44', '2019-09-03 23:58:44'),
(14, 3, NULL, NULL, NULL, NULL, NULL, NULL, NULL, NULL, NULL, 18192, 6, NULL, '2019-09-04 00:15:38', '2019-09-04 00:28:03'),
(15, 18, NULL, NULL, NULL, NULL, NULL, NULL, NULL, NULL, NULL, 7590, NULL, NULL, '2019-09-05 00:54:50', '2019-09-05 00:54:50'),
(16, 19, NULL, NULL, NULL, NULL, NULL, NULL, NULL, NULL, NULL, 13500, NULL, NULL, '2019-09-12 02:16:12', '2019-09-12 02:16:12'),
(17, 19, NULL, NULL, NULL, NULL, NULL, NULL, NULL, NULL, NULL, 32219, 7, NULL, '2019-09-12 02:22:04', '2019-09-12 02:22:04'),
(18, 20, NULL, NULL, NULL, NULL, NULL, NULL, NULL, NULL, NULL, 4000, NULL, NULL, '2019-09-12 02:37:31', '2019-09-12 02:37:31'),
(19, 20, NULL, NULL, NULL, NULL, NULL, NULL, NULL, NULL, NULL, 7344, 8, NULL, '2019-09-12 02:39:26', '2019-09-12 02:39:26'),
(20, 1, 5400, 2160, 540, NULL, NULL, NULL, NULL, NULL, 60, 8160, NULL, NULL, '2019-09-17 03:07:41', '2019-10-03 03:02:38'),
(21, 11, NULL, NULL, NULL, NULL, NULL, NULL, NULL, NULL, NULL, 4000, NULL, NULL, '2019-09-19 05:31:12', '2019-09-19 05:31:12'),
(22, 21, NULL, NULL, NULL, NULL, NULL, NULL, NULL, NULL, NULL, 6500, NULL, NULL, '2019-09-19 05:33:28', '2019-09-19 05:33:28'),
(23, 21, NULL, NULL, NULL, NULL, NULL, NULL, NULL, NULL, NULL, 23699, 9, NULL, '2019-09-19 05:36:29', '2019-09-19 05:36:29'),
(24, 11, NULL, NULL, NULL, NULL, NULL, NULL, NULL, NULL, NULL, 29019, 11, NULL, '2019-09-19 05:40:52', '2019-09-19 05:41:32'),
(25, 22, NULL, NULL, NULL, NULL, NULL, NULL, NULL, NULL, NULL, 5000, NULL, NULL, '2019-09-19 05:48:53', '2019-09-19 05:48:53'),
(26, 22, NULL, NULL, NULL, NULL, NULL, NULL, NULL, NULL, NULL, 6816, 12, NULL, '2019-09-19 05:50:25', '2019-09-19 05:50:25'),
(27, 23, NULL, NULL, NULL, NULL, NULL, NULL, NULL, NULL, NULL, 11138, NULL, NULL, '2019-09-25 06:37:53', '2019-09-25 06:37:53'),
(28, 23, NULL, NULL, NULL, NULL, NULL, NULL, NULL, NULL, NULL, 19500, 13, NULL, '2019-09-25 09:59:32', '2019-09-25 09:59:32'),
(29, 24, NULL, NULL, NULL, NULL, NULL, NULL, NULL, NULL, NULL, 10850, NULL, NULL, '2019-09-26 04:35:17', '2019-09-26 04:35:17'),
(30, 24, NULL, NULL, NULL, NULL, NULL, NULL, NULL, NULL, NULL, 20310, 14, NULL, '2019-09-26 10:00:14', '2019-09-26 10:00:14'),
(31, 24, NULL, NULL, NULL, NULL, NULL, NULL, NULL, NULL, NULL, 53233, 15, NULL, '2019-09-26 10:01:05', '2019-09-26 10:01:05'),
(32, 24, NULL, NULL, NULL, NULL, NULL, NULL, NULL, NULL, NULL, 103791, 16, NULL, '2019-09-26 10:05:12', '2019-09-26 10:05:12'),
(33, 24, NULL, NULL, NULL, NULL, NULL, NULL, NULL, NULL, NULL, 120912, 17, NULL, '2019-09-26 10:05:49', '2019-09-26 10:05:49'),
(34, 25, NULL, NULL, NULL, NULL, NULL, NULL, NULL, NULL, NULL, 10000, NULL, NULL, '2019-09-30 04:49:10', '2019-09-30 04:49:10'),
(35, 25, NULL, NULL, NULL, NULL, NULL, NULL, NULL, NULL, NULL, 17323, 18, NULL, '2019-09-30 04:56:08', '2019-09-30 04:56:08'),
(36, 25, NULL, NULL, NULL, NULL, NULL, NULL, NULL, NULL, NULL, 69674, 19, NULL, '2019-09-30 04:59:23', '2019-09-30 04:59:23'),
(37, 26, NULL, NULL, NULL, NULL, NULL, NULL, NULL, NULL, NULL, 73367, NULL, NULL, '2019-09-30 05:13:06', '2019-09-30 05:13:06'),
(38, 27, NULL, NULL, NULL, NULL, NULL, NULL, NULL, NULL, NULL, 16000, NULL, NULL, '2019-10-03 04:49:32', '2019-10-03 04:49:32'),
(39, 27, NULL, NULL, NULL, NULL, NULL, NULL, NULL, NULL, NULL, 52185, 20, NULL, '2019-10-03 04:58:23', '2019-10-03 04:58:23'),
(40, 27, NULL, NULL, NULL, NULL, NULL, NULL, NULL, NULL, NULL, 52185, 21, NULL, '2019-10-03 04:59:27', '2019-10-03 04:59:27'),
(41, 28, NULL, NULL, NULL, NULL, NULL, NULL, NULL, NULL, NULL, 18000, NULL, NULL, '2019-10-03 05:18:43', '2019-10-03 05:18:43'),
(42, 28, NULL, NULL, NULL, NULL, NULL, NULL, NULL, NULL, NULL, 42185, 22, NULL, '2019-10-03 05:33:04', '2019-10-03 05:33:04'),
(43, 29, NULL, NULL, NULL, NULL, NULL, NULL, NULL, NULL, NULL, 30000, NULL, NULL, '2019-10-08 04:54:27', '2019-10-08 04:54:27'),
(44, 30, NULL, NULL, NULL, NULL, NULL, NULL, NULL, NULL, NULL, 11904, NULL, NULL, '2019-10-08 05:40:46', '2019-10-08 05:40:46'),
(45, 31, NULL, NULL, NULL, NULL, NULL, NULL, NULL, NULL, NULL, 7590, NULL, NULL, '2019-10-11 05:50:21', '2019-10-11 05:50:21'),
(46, 31, NULL, NULL, NULL, NULL, NULL, NULL, NULL, NULL, NULL, 12800, 23, NULL, '2019-10-11 05:58:26', '2019-10-11 05:58:26'),
(47, 32, NULL, NULL, NULL, NULL, NULL, NULL, NULL, NULL, NULL, 19560, NULL, NULL, '2019-10-11 06:13:11', '2019-10-11 06:13:11'),
(48, 32, NULL, NULL, NULL, NULL, NULL, NULL, NULL, NULL, NULL, 39648, 24, NULL, '2019-10-11 06:26:12', '2019-10-11 06:26:12'),
(49, 32, NULL, NULL, NULL, NULL, NULL, NULL, NULL, NULL, NULL, 52185, 25, NULL, '2019-10-11 06:27:35', '2019-10-11 06:27:35'),
(50, 32, NULL, NULL, NULL, NULL, NULL, NULL, NULL, NULL, NULL, 99906, 26, NULL, '2019-10-11 06:28:59', '2019-10-11 06:28:59'),
(51, 33, NULL, NULL, NULL, NULL, NULL, NULL, NULL, NULL, NULL, 35000, NULL, NULL, '2019-10-16 04:30:07', '2019-10-16 04:30:07'),
(52, 33, NULL, NULL, NULL, NULL, NULL, NULL, NULL, NULL, NULL, 53233, 27, NULL, '2019-10-16 04:41:33', '2019-10-16 04:41:33'),
(53, 34, NULL, NULL, NULL, NULL, NULL, NULL, NULL, NULL, NULL, 58872, NULL, NULL, '2019-10-16 04:53:48', '2019-10-16 04:53:48'),
(54, 36, NULL, NULL, NULL, NULL, NULL, NULL, NULL, NULL, NULL, 15000, NULL, NULL, '2019-10-23 05:25:46', '2019-10-23 05:25:46'),
(55, 36, NULL, NULL, NULL, NULL, NULL, NULL, NULL, NULL, NULL, 38455, 28, NULL, '2019-10-23 05:33:31', '2019-10-23 05:33:31'),
(56, 37, NULL, NULL, NULL, NULL, NULL, NULL, NULL, NULL, NULL, 7000, NULL, NULL, '2019-10-24 04:27:14', '2019-10-24 04:27:14'),
(57, 37, NULL, NULL, NULL, NULL, NULL, NULL, NULL, NULL, NULL, 17500, 29, NULL, '2019-10-24 04:35:09', '2019-10-24 04:35:09'),
(58, 37, NULL, NULL, NULL, NULL, NULL, NULL, NULL, NULL, NULL, 32229, 30, NULL, '2019-10-24 04:36:22', '2019-10-24 04:36:22'),
(59, 38, NULL, NULL, NULL, NULL, NULL, NULL, NULL, NULL, NULL, 10000, NULL, NULL, '2019-10-24 04:43:38', '2019-10-24 04:43:38'),
(60, 39, NULL, NULL, NULL, NULL, NULL, NULL, NULL, NULL, NULL, 8000, NULL, NULL, '2019-10-25 04:13:15', '2019-10-25 04:13:15'),
(61, 39, NULL, NULL, NULL, NULL, NULL, NULL, NULL, NULL, NULL, 32229, 31, NULL, '2019-10-25 04:18:48', '2019-10-25 04:18:48'),
(62, 40, NULL, NULL, NULL, NULL, NULL, NULL, NULL, NULL, NULL, 27000, NULL, NULL, '2019-10-25 04:29:33', '2019-10-25 04:29:33'),
(63, 40, NULL, NULL, NULL, NULL, NULL, NULL, NULL, NULL, NULL, 53145, 32, NULL, '2019-10-25 04:34:02', '2019-10-25 04:34:02'),
(64, 41, NULL, NULL, NULL, NULL, NULL, NULL, NULL, NULL, NULL, 15500, NULL, NULL, '2019-10-28 04:51:30', '2019-10-28 04:51:30'),
(65, 42, NULL, NULL, NULL, NULL, NULL, NULL, NULL, NULL, NULL, 176651, NULL, NULL, '2019-10-29 04:32:05', '2019-10-29 04:32:05'),
(66, 43, NULL, NULL, NULL, NULL, NULL, NULL, NULL, NULL, NULL, 6000, NULL, NULL, '2019-10-29 04:46:19', '2019-10-29 04:46:19'),
(67, 43, NULL, NULL, NULL, NULL, NULL, NULL, NULL, NULL, NULL, 23653, 33, NULL, '2019-10-29 04:56:33', '2019-10-29 04:56:33'),
(68, 44, NULL, NULL, NULL, NULL, NULL, NULL, NULL, NULL, NULL, 7000, NULL, NULL, '2019-10-30 04:19:07', '2019-10-30 04:19:07'),
(69, 45, NULL, NULL, NULL, NULL, NULL, NULL, NULL, NULL, NULL, 7000, NULL, NULL, '2019-10-30 04:38:34', '2019-10-30 04:38:34'),
(70, 45, NULL, NULL, NULL, NULL, NULL, NULL, NULL, NULL, NULL, 21528, 34, NULL, '2019-10-30 04:41:26', '2019-10-30 04:41:26'),
(71, 46, NULL, NULL, NULL, NULL, NULL, NULL, NULL, NULL, NULL, 7000, NULL, NULL, '2019-10-31 04:15:15', '2019-10-31 04:15:15'),
(72, 47, NULL, NULL, NULL, NULL, NULL, NULL, NULL, NULL, NULL, 6000, NULL, NULL, '2019-10-31 04:49:28', '2019-10-31 04:49:28'),
(73, 48, NULL, NULL, NULL, NULL, NULL, NULL, NULL, NULL, NULL, 4866, NULL, NULL, '2019-10-31 05:02:51', '2019-10-31 05:02:51'),
(74, 49, NULL, NULL, NULL, NULL, NULL, NULL, NULL, NULL, NULL, 45585, NULL, NULL, '2019-11-04 04:27:17', '2019-11-04 04:27:17'),
(75, 49, NULL, NULL, NULL, NULL, NULL, NULL, NULL, NULL, NULL, 69674, 35, NULL, '2019-11-04 04:37:15', '2019-11-04 04:37:15'),
(76, 50, NULL, NULL, NULL, NULL, NULL, NULL, NULL, NULL, NULL, 63800, NULL, NULL, '2019-11-04 04:46:32', '2019-11-04 04:46:32'),
(77, 50, NULL, NULL, NULL, NULL, NULL, NULL, NULL, NULL, NULL, 118182, 36, NULL, '2019-11-04 04:59:18', '2019-11-04 04:59:18'),
(78, 51, NULL, NULL, NULL, NULL, NULL, NULL, NULL, NULL, NULL, 22400, NULL, NULL, '2019-11-05 04:20:09', '2019-11-05 04:20:09'),
(79, 52, NULL, NULL, NULL, NULL, NULL, NULL, NULL, NULL, NULL, 61880, NULL, NULL, '2019-11-05 04:33:18', '2019-11-05 04:33:18'),
(80, 53, NULL, NULL, NULL, NULL, NULL, NULL, NULL, NULL, NULL, 30000, NULL, NULL, '2019-11-06 05:00:51', '2019-11-06 05:00:51'),
(81, 53, NULL, NULL, NULL, NULL, NULL, NULL, NULL, NULL, NULL, 71705, 37, NULL, '2019-11-06 05:07:21', '2019-11-06 05:07:21'),
(82, 54, NULL, NULL, NULL, NULL, NULL, NULL, NULL, NULL, NULL, 25616, NULL, NULL, '2019-11-07 04:50:05', '2019-11-07 04:50:05'),
(83, 54, NULL, NULL, NULL, NULL, NULL, NULL, NULL, NULL, NULL, 71616, 38, NULL, '2019-11-07 05:01:10', '2019-11-07 05:01:10'),
(84, 55, NULL, NULL, NULL, NULL, NULL, NULL, NULL, NULL, NULL, 23800, NULL, NULL, '2019-11-07 05:12:54', '2019-11-07 05:12:54'),
(85, 55, NULL, NULL, NULL, NULL, NULL, NULL, NULL, NULL, NULL, 45630, 39, NULL, '2019-11-07 05:18:32', '2019-11-07 05:18:32'),
(86, 56, NULL, NULL, NULL, NULL, NULL, NULL, NULL, NULL, NULL, 98860, NULL, NULL, '2019-11-08 05:09:43', '2019-11-08 05:09:43'),
(87, 56, NULL, NULL, NULL, NULL, NULL, NULL, NULL, NULL, NULL, 149049, 40, NULL, '2019-11-08 05:42:00', '2019-11-08 05:42:00'),
(88, 57, NULL, NULL, NULL, NULL, NULL, NULL, NULL, NULL, NULL, 88304, NULL, NULL, '2019-11-08 05:49:53', '2019-11-08 05:49:53'),
(89, 57, NULL, NULL, NULL, NULL, NULL, NULL, NULL, NULL, NULL, 95303, 41, NULL, '2019-11-08 05:54:22', '2019-11-08 05:54:22'),
(90, 58, NULL, NULL, NULL, NULL, NULL, NULL, NULL, NULL, NULL, 53462, NULL, NULL, '2019-11-11 04:19:54', '2019-11-11 04:19:54'),
(91, 58, NULL, NULL, NULL, NULL, NULL, NULL, NULL, NULL, NULL, 123568, 42, NULL, '2019-11-11 04:24:39', '2019-11-11 04:24:39'),
(92, 59, NULL, NULL, NULL, NULL, NULL, NULL, NULL, NULL, NULL, 72183, NULL, NULL, '2019-11-11 04:42:28', '2019-11-11 04:42:28'),
(93, 59, NULL, NULL, NULL, NULL, NULL, NULL, NULL, NULL, NULL, 161543, 43, NULL, '2019-11-11 04:43:28', '2019-11-11 04:43:28'),
(94, 60, NULL, NULL, NULL, NULL, NULL, NULL, NULL, NULL, NULL, 5000, NULL, NULL, '2019-11-14 04:17:29', '2019-11-14 04:17:29'),
(95, 60, NULL, NULL, NULL, NULL, NULL, NULL, NULL, NULL, NULL, 7000, 44, NULL, '2019-11-14 04:26:12', '2019-11-14 04:26:12'),
(96, 61, NULL, NULL, NULL, NULL, NULL, NULL, NULL, NULL, NULL, 68682, NULL, NULL, '2019-11-18 05:54:00', '2019-11-18 05:54:39'),
(97, 61, NULL, NULL, NULL, NULL, NULL, NULL, NULL, NULL, NULL, 106978, 45, NULL, '2019-11-18 06:01:46', '2019-11-18 06:01:46'),
(98, 61, NULL, NULL, NULL, NULL, NULL, NULL, NULL, NULL, NULL, 120912, 46, NULL, '2019-11-18 06:03:56', '2019-11-18 06:03:56');

--
-- Dumping data for table `sessions`
--

INSERT INTO `sessions` (`id`, `user_id`, `ip_address`, `user_agent`, `payload`, `last_activity`) VALUES
('FEa2PRshuYYfKW61uOIQFBODhkqQAgB3wYDWCOfL', NULL, '::1', 'Mozilla/5.0 (Windows NT 10.0) AppleWebKit/537.36 (KHTML, like Gecko) Chrome/80.0.3987.122 Safari/537.36', 'YTozOntzOjY6Il90b2tlbiI7czo0MDoiTWRMaUhpdlQxeUtBeUhpV0tCNDNNRWhjNnYwcm1PZ0hEOURJb2tTViI7czo5OiJfcHJldmlvdXMiO2E6MTp7czozOiJ1cmwiO3M6Mjg6Imh0dHA6Ly9sb2NhbGhvc3QvaHJtcy9wdWJsaWMiO31zOjY6Il9mbGFzaCI7YToyOntzOjM6Im9sZCI7YTowOnt9czozOiJuZXciO2E6MDp7fX19', 1583290010),
('WqnI7og34XGNUSphIuZKGKjGHiPMjpXAKECr4GjD', 1, '::1', 'Mozilla/5.0 (Windows NT 10.0) AppleWebKit/537.36 (KHTML, like Gecko) Chrome/80.0.3987.122 Safari/537.36', 'YTo1OntzOjY6Il90b2tlbiI7czo0MDoidVRrdkxlRDFFWUplZFgyQTB4QTJKS0kxVHp3bUVETGszbVJTWVpyUyI7czo5OiJfcHJldmlvdXMiO2E6MTp7czozOiJ1cmwiO3M6NDg6Imh0dHA6Ly9sb2NhbGhvc3QvaHJtcy9wdWJsaWMvcGhvbmUvY29udGFjdE51bWJlciI7fXM6NjoiX2ZsYXNoIjthOjI6e3M6Mzoib2xkIjthOjA6e31zOjM6Im5ldyI7YTowOnt9fXM6MzoidXJsIjthOjA6e31zOjUwOiJsb2dpbl93ZWJfNTliYTM2YWRkYzJiMmY5NDAxNTgwZjAxNGM3ZjU4ZWE0ZTMwOTg5ZCI7aToxO30=', 1583292868);

--
-- Dumping data for table `trainings`
--

INSERT INTO `trainings` (`id`, `employee_id`, `title`, `venue`, `institute`, `country_id`, `description`, `from`, `to`, `created_at`, `updated_at`) VALUES
(1, 4, 'Training with Dillingham Construction Company', 'Tarbela', NULL, 1, 'Training with Dillingham Construction Company on Power&nbsp; House Extension Pojrect, Tarbela, Pakistan - 3 months', NULL, NULL, '2019-08-07 13:20:49', '2019-08-07 13:20:49'),
(2, 4, 'Senior Manager Course', 'WAPDA Staff College', NULL, 1, 'Senior Manager Course - 4 months', NULL, NULL, '2019-08-07 13:22:56', '2019-08-07 13:22:56'),
(3, 4, 'Land drainage Course', 'WAPDA', NULL, 1, 'Land Drainage Course, WAPDA, Lahore', NULL, NULL, '2019-08-07 13:23:37', '2019-08-07 13:23:37'),
(4, 13, 'AutoCAD Course', NULL, NULL, 1, 'AutoCAD course for making drawing', NULL, NULL, '2019-08-27 06:27:41', '2019-08-27 06:27:41'),
(5, 13, 'Health & Safety Officer', NULL, NULL, 1, 'Health &amp; Safety Officer Course', NULL, NULL, '2019-08-27 06:28:28', '2019-08-27 06:28:28'),
(6, 13, 'IOSH', NULL, NULL, 3, 'IOSH Managing Safely Course', NULL, NULL, '2019-08-27 06:30:38', '2019-08-27 06:30:38'),
(7, 13, 'Computer Operator / Office Assistant Course', NULL, NULL, 1, 'Computer Operator / Office Assistant Course from VTI Shadman', NULL, NULL, '2019-08-27 06:32:12', '2019-08-27 06:32:12'),
(8, 13, 'Web & Graphic Designing', NULL, NULL, 1, 'Web &amp; Graphic Designing Course from Punjab University&nbsp;', NULL, NULL, '2019-08-27 06:33:32', '2019-08-27 06:33:32'),
(9, 13, 'Diploma in Computer Apps', NULL, NULL, 1, 'Dipmloma in Computer Applications', NULL, NULL, '2019-08-27 06:34:27', '2019-08-27 06:34:27'),
(10, 1, 'Laravel', NULL, NULL, 1, 'Laravel', NULL, NULL, '2019-09-18 07:45:13', '2019-09-18 07:46:42');

--
-- Dumping data for table `users`
--

INSERT INTO `users` (`id`, `email`, `code`, `email_verified_at`, `password`, `user_status`, `employee_id`, `session_id`, `remember_token`, `created_at`, `updated_at`) VALUES
(1, 'sohail.afzal@barqaab.com', NULL, NULL, '$2y$10$LIBKm174tSn4tCsXWqGJEu.tmvi2s/HwNfG0bxYCjlq/SnTbDKCJK', 1, 1, 'WqnI7og34XGNUSphIuZKGKjGHiPMjpXAKECr4GjD', 'z2SI5rJkzzs74lNKxBFPI3CSb6axfacY6DuqYz4bgqpxlRLlPph27ziztb4F', NULL, '2020-03-04 02:51:27'),
(3, 'massive.consultants@yahoo.com', NULL, NULL, '$2y$10$ATn.aat/M5qtlVm4lnJYYOGmToZbhChMIEhscnVbWpIGNYsyT58yO', 2, 3, '', NULL, '2019-08-02 15:24:34', '2019-08-30 00:07:22'),
(13, 'taufeeq240808@gmail.com', NULL, NULL, '$2y$10$JrHufTeSrkgGuqQ6wmdoK.HjMAdRY8K4pLa6wSVV0oHN0NG6wBKhy', 1, 13, '8jAC3WSHHHAP3x8bUizkas4IUwE3ceG9TWZtrpuO', 'SF9tuoGneu5k55vJ9PqQGI0hFHKJAQsleC2MvSqvNiJDu3y652YyS3MpuukX', '2019-08-30 04:37:26', '2019-11-14 04:02:14'),
(14, 'sohail@barqaab.com', NULL, NULL, '$2y$10$FgAe7mDna2TjtJRRCbNtd.CSQPQnEiV8J725KvfJHDjTrZKTxn4Uy', 1, 14, '8PjCGK4yCYAvDT2k0EaDLITftafTzIbs6Xm5JIQx', NULL, '2019-09-03 06:03:08', '2020-02-20 05:04:56'),
(15, 'athar.hussain@barqaab.com', NULL, NULL, '$2y$10$9yC1ythyh3iqrONTZjpSqe/Yd1h8mga2ZGJMJArgpykOU06H9dJr.', 1, 2, 'mg8rCosI2EOU1KErhUaSSfF3fuJ4EkBvHlD0gR5H', NULL, '2019-09-13 09:36:26', '2019-11-18 05:45:28'),
(16, 'javedsultan92@yahoo.com', NULL, NULL, '$2y$10$IyjCTJhv0t4BLfbmh5l9XOHmQJAsPlvgwFT4n7jPB98jlWPYD7Thi', 0, 23, NULL, NULL, '2019-09-25 06:27:14', '2019-09-25 06:27:14'),
(17, 'barqaabaccount@yahoo.com', NULL, NULL, '$2y$10$IyjCTJhv0t4BLfbmh5l9XOHmQJAsPlvgwFT4n7jPB98jlWPYD7Thi', 0, 24, NULL, NULL, '2019-09-26 04:21:04', '2019-09-26 04:21:04'),
(18, 'imran@barqaab.com', NULL, NULL, '$2y$10$IyjCTJhv0t4BLfbmh5l9XOHmQJAsPlvgwFT4n7jPB98jlWPYD7Thi', 0, 25, NULL, NULL, '2019-09-30 04:36:43', '2019-09-30 04:36:43'),
(19, 'w.Ahmad@barqaab.com', NULL, NULL, '$2y$10$IyjCTJhv0t4BLfbmh5l9XOHmQJAsPlvgwFT4n7jPB98jlWPYD7Thi', 0, 26, NULL, NULL, '2019-09-30 05:10:54', '2019-09-30 05:10:54'),
(20, 'zulfimalik@yahoo.com', NULL, NULL, '$2y$10$IyjCTJhv0t4BLfbmh5l9XOHmQJAsPlvgwFT4n7jPB98jlWPYD7Thi', 0, 27, NULL, NULL, '2019-10-02 06:06:31', '2019-10-02 06:06:31'),
(21, 'majidrafi@barqaab.com', NULL, NULL, '$2y$10$IyjCTJhv0t4BLfbmh5l9XOHmQJAsPlvgwFT4n7jPB98jlWPYD7Thi', 0, 28, NULL, NULL, '2019-10-03 05:15:12', '2019-10-03 05:15:12'),
(22, 'tanvirabbas@hotmail.com', NULL, NULL, '$2y$10$IyjCTJhv0t4BLfbmh5l9XOHmQJAsPlvgwFT4n7jPB98jlWPYD7Thi', 0, 32, NULL, NULL, '2019-10-11 06:07:31', '2019-10-11 06:07:31'),
(23, 'iftikhar.khan@barqaab.com', NULL, NULL, '$2y$10$IyjCTJhv0t4BLfbmh5l9XOHmQJAsPlvgwFT4n7jPB98jlWPYD7Thi', 0, 34, NULL, NULL, '2019-10-16 04:51:32', '2019-10-16 04:51:32'),
(24, 'jamshaid.siddiqui@barqaab.com', NULL, NULL, '$2y$10$IyjCTJhv0t4BLfbmh5l9XOHmQJAsPlvgwFT4n7jPB98jlWPYD7Thi', 0, 35, NULL, NULL, '2019-10-23 05:04:09', '2019-10-23 05:04:09'),
(25, 'imtiaz82@barqaab.com', NULL, NULL, '$2y$10$IyjCTJhv0t4BLfbmh5l9XOHmQJAsPlvgwFT4n7jPB98jlWPYD7Thi', 0, 40, NULL, NULL, '2019-10-25 04:28:11', '2019-10-25 04:28:11'),
(26, 'Zamir.hussain786@yahoo.com', NULL, NULL, '$2y$10$IyjCTJhv0t4BLfbmh5l9XOHmQJAsPlvgwFT4n7jPB98jlWPYD7Thi', 0, 50, NULL, NULL, '2019-11-04 04:43:56', '2019-11-04 04:43:56'),
(27, 'ENGINDDR.ASHRAF.BHATTI@GMAIL.COM', NULL, NULL, '$2y$10$IyjCTJhv0t4BLfbmh5l9XOHmQJAsPlvgwFT4n7jPB98jlWPYD7Thi', 0, 52, NULL, NULL, '2019-11-05 04:31:41', '2019-11-05 04:31:41'),
(28, 'rafaemunir@barqaab.com', NULL, NULL, '$2y$10$IyjCTJhv0t4BLfbmh5l9XOHmQJAsPlvgwFT4n7jPB98jlWPYD7Thi', 0, 53, NULL, NULL, '2019-11-06 04:58:42', '2019-11-06 04:58:42'),
(29, 'atiqch@yahoo.com', NULL, NULL, '$2y$10$IyjCTJhv0t4BLfbmh5l9XOHmQJAsPlvgwFT4n7jPB98jlWPYD7Thi', 0, 61, NULL, NULL, '2019-11-18 05:48:04', '2019-11-18 05:48:04');



-- Dumping data for table `permissions`
--

INSERT INTO `permissions` (`id`, `name`, `guard_name`, `created_at`, `updated_at`) VALUES
(2, 'hr_edit_record', 'web', '2019-11-18 09:43:11', '2020-02-20 05:23:51'),
(3, 'cv_view', 'web', '2020-02-20 03:18:32', '2020-02-20 05:24:03'),
(4, 'cv_edit', 'web', '2020-02-20 03:18:45', '2020-02-20 05:24:14'),
(5, 'cv_delete', 'web', '2020-02-20 03:18:56', '2020-02-20 05:24:37'),
(6, 'hr_view_record', 'web', '2020-02-20 03:23:36', '2020-02-20 05:24:57'),
(7, 'hr_insert_record', 'web', '2020-02-20 03:24:08', '2020-02-20 05:25:57'),
(8, 'cv_insert', 'web', '2020-02-20 03:24:25', '2020-02-20 05:25:16'),
(9, 'hr_delete', 'web', '2020-02-20 05:27:23', '2020-02-20 05:27:23');

--
-- Dumping data for table `role_has_permissions`
--

INSERT INTO `role_has_permissions` (`permission_id`, `role_id`) VALUES
(2, 3),
(2, 4),
(2, 5),
(4, 3),
(4, 4),
(4, 5),
(5, 5),
(7, 3),
(7, 4),
(7, 5),
(8, 3),
(8, 4),
(8, 5),
(9, 5);

--
-- Dumping data for table `model_has_roles`
--

INSERT INTO `model_has_roles` (`role_id`, `model_type`, `model_id`) VALUES
(3, 'App\\User', 13),
(3, 'App\\User', 15),
(4, 'App\\User', 14),
(5, 'App\\User', 1);


COMMIT;

/*!40101 SET CHARACTER_SET_CLIENT=@OLD_CHARACTER_SET_CLIENT */;
/*!40101 SET CHARACTER_SET_RESULTS=@OLD_CHARACTER_SET_RESULTS */;
/*!40101 SET COLLATION_CONNECTION=@OLD_COLLATION_CONNECTION */;
